country,January 22 2020,January 23 2020,January 24 2020,January 25 2020,January 26 2020,January 27 2020,January 28 2020,January 29 2020,January 30 2020,January 31 2020,February 1 2020,February 2 2020,February 3 2020,February 4 2020,February 5 2020,February 6 2020,February 7 2020,February 8 2020,February 9 2020,February 10 2020,February 11 2020,February 12 2020,February 13 2020,February 14 2020,February 15 2020,February 16 2020,February 17 2020,February 18 2020,February 19 2020,February 20 2020,February 21 2020,February 22 2020,February 23 2020,February 24 2020,February 25 2020,February 26 2020,February 27 2020,February 28 2020,February 29 2020,March 1 2020,March 2 2020,March 3 2020,March 4 2020,March 5 2020,March 6 2020,March 7 2020,March 8 2020,March 9 2020,March 10 2020,March 11 2020,March 12 2020,March 13 2020,March 14 2020,March 15 2020,March 16 2020,March 17 2020,March 18 2020,March 19 2020,March 20 2020,March 21 2020,March 22 2020,March 23 2020,March 24 2020,March 25 2020,March 26 2020,March 27 2020,March 28 2020,March 29 2020,March 30 2020,March 31 2020,April 1 2020,April 2 2020,April 3 2020,April 4 2020,April 5 2020,April 6 2020,April 7 2020,April 8 2020,April 9 2020,April 10 2020,April 11 2020,April 12 2020,April 13 2020,April 14 2020,April 15 2020,April 16 2020,April 17 2020,April 18 2020,April 19 2020,April 20 2020,April 21 2020,April 22 2020,April 23 2020,April 24 2020,April 25 2020,April 26 2020,April 27 2020,April 28 2020,April 29 2020,April 30 2020,May 1 2020,May 2 2020,May 3 2020,May 4 2020,May 5 2020,May 6 2020,May 7 2020,May 8 2020,May 9 2020,May 10 2020,May 11 2020,May 12 2020,May 13 2020,May 14 2020,May 15 2020,May 16 2020,May 17 2020,May 18 2020,May 19 2020,May 20 2020,May 21 2020,May 22 2020,May 23 2020,May 24 2020,May 25 2020,May 26 2020,May 27 2020,May 28 2020,May 29 2020,May 30 2020,May 31 2020,June 1 2020,June 2 2020,June 3 2020,June 4 2020,June 5 2020,June 6 2020,June 7 2020,June 8 2020,June 9 2020,June 10 2020,June 11 2020,June 12 2020,June 13 2020,June 14 2020,June 15 2020,June 16 2020,June 17 2020,June 18 2020,June 19 2020,June 20 2020,June 21 2020,June 22 2020,June 23 2020,June 24 2020,June 25 2020,June 26 2020,June 27 2020,June 28 2020,June 29 2020,June 30 2020,July 1 2020,July 2 2020,July 3 2020,July 4 2020,July 5 2020,July 6 2020,July 7 2020,July 8 2020,July 9 2020,July 10 2020,July 11 2020,July 12 2020,July 13 2020,July 14 2020,July 15 2020,July 16 2020,July 17 2020,July 18 2020,July 19 2020,July 20 2020,July 21 2020,July 22 2020,July 23 2020,July 24 2020,July 25 2020,July 26 2020,July 27 2020,July 28 2020,July 29 2020,July 30 2020,July 31 2020,August 1 2020,August 2 2020,August 3 2020,August 4 2020,August 5 2020,August 6 2020,August 7 2020,August 8 2020,August 9 2020,August 10 2020,August 11 2020,August 12 2020,August 13 2020,August 14 2020,August 15 2020,August 16 2020,August 17 2020,August 18 2020,August 19 2020,August 20 2020,August 21 2020,August 22 2020,August 23 2020,August 24 2020,August 25 2020,August 26 2020,August 27 2020,August 28 2020,August 29 2020,August 30 2020,August 31 2020,September 1 2020,September 2 2020,September 3 2020,September 4 2020,September 5 2020,September 6 2020,September 7 2020,September 8 2020,September 9 2020,September 10 2020,September 11 2020,September 12 2020,September 13 2020,September 14 2020,September 15 2020,September 16 2020,September 17 2020,September 18 2020,September 19 2020,September 20 2020,September 21 2020,September 22 2020,September 23 2020,September 24 2020,September 25 2020,September 26 2020,September 27 2020,September 28 2020,September 29 2020,September 30 2020,October 1 2020,October 2 2020,October 3 2020,October 4 2020,October 5 2020,October 6 2020,October 7 2020,October 8 2020,October 9 2020,October 10 2020,October 11 2020,October 12 2020,October 13 2020,October 14 2020,October 15 2020,October 16 2020,October 17 2020,October 18 2020,October 19 2020,October 20 2020,October 21 2020,October 22 2020,October 23 2020,October 24 2020,October 25 2020,October 26 2020,October 27 2020,October 28 2020,October 29 2020,October 30 2020,October 31 2020,November 1 2020,November 2 2020,November 3 2020,November 4 2020,November 5 2020,November 6 2020,November 7 2020,November 8 2020,November 9 2020,November 10 2020,November 11 2020,November 12 2020,November 13 2020,November 14 2020,November 15 2020,November 16 2020,November 17 2020,November 18 2020,November 19 2020,November 20 2020,November 21 2020,November 22 2020,November 23 2020,November 24 2020,November 25 2020,November 26 2020,November 27 2020,November 28 2020,November 29 2020,November 30 2020,December 1 2020,December 2 2020,December 3 2020,December 4 2020,December 5 2020,December 6 2020,December 7 2020,December 8 2020,December 9 2020,December 10 2020,December 11 2020,December 12 2020,December 13 2020,December 14 2020,December 15 2020,December 16 2020,December 17 2020,December 18 2020,December 19 2020,December 20 2020,December 21 2020,December 22 2020,December 23 2020,December 24 2020,December 25 2020,December 26 2020,December 27 2020,December 28 2020,December 29 2020,December 30 2020,December 31 2020,January 1 2021,January 2 2021,January 3 2021,January 4 2021,January 5 2021,January 6 2021,January 7 2021,January 8 2021,January 9 2021,January 10 2021,January 11 2021,January 12 2021,January 13 2021,January 14 2021,January 15 2021,January 16 2021,January 17 2021,January 18 2021,January 19 2021,January 20 2021,January 21 2021,January 22 2021,January 23 2021,January 24 2021,January 25 2021,January 26 2021,January 27 2021,January 28 2021,January 29 2021,January 30 2021,January 31 2021,February 1 2021,February 2 2021,February 3 2021,February 4 2021,February 5 2021,February 6 2021,February 7 2021,February 8 2021,February 9 2021,February 10 2021,February 11 2021,February 12 2021,February 13 2021,February 14 2021,February 15 2021,February 16 2021,February 17 2021,February 18 2021,February 19 2021,February 20 2021,February 21 2021,February 22 2021,February 23 2021,February 24 2021,February 25 2021,February 26 2021,February 27 2021,February 28 2021,March 1 2021,March 2 2021,March 3 2021,March 4 2021,March 5 2021,March 6 2021,March 7 2021,March 8 2021,March 9 2021,March 10 2021,March 11 2021,March 12 2021,March 13 2021,March 14 2021,March 15 2021,March 16 2021,March 17 2021,March 18 2021,March 19 2021,March 20 2021,March 21 2021,March 22 2021,March 23 2021,March 24 2021,March 25 2021,March 26 2021,March 27 2021,March 28 2021,March 29 2021,March 30 2021,March 31 2021,April 1 2021,April 2 2021,April 3 2021,April 4 2021,April 5 2021,April 6 2021,April 7 2021,April 8 2021,April 9 2021,April 10 2021,April 11 2021,April 12 2021
Algeria,0,0,0,0,0,0,0,0,0,0,0,0,0,0,0,0,0,0,0,0,0,0,0,0,0,0,0,0,0,0,0,0,0,0,1,1,1,1,1,1,3,5,12,12,17,17,19,20,20,20,24,26,37,48,54,60,74,87,90,139,201,230,264,302,367,409,454,511,584,716,847,986,1171,1251,1320,1423,1468,1572,1666,1761,1825,1914,1983,2070,2160,2268,2418,2534,2629,2718,2811,2910,3007,3127,3256,3382,3517,3649,3848,4006,4154,4295,4474,4648,4838,4997,5182,5369,5558,5723,5891,6067,6253,6442,6629,6821,7019,7201,7377,7542,7728,7918,8113,8306,8503,8697,8857,8997,9134,9267,9394,9513,9626,9733,9831,9935,10050,10154,10265,10382,10484,10589,10698,10810,10919,11031,11147,11268,11385,11504,11631,11771,11920,12076,12248,12445,12685,12968,13273,13571,13907,14272,14657,15070,15500,15941,16404,16879,17348,17808,18242,18712,19195,19689,20216,20770,21355,21948,22549,23084,23691,24278,24872,25484,26159,26764,27357,27973,28615,29229,29831,30394,30950,31465,31972,32504,33055,33626,34155,34693,35160,35712,36204,36699,37187,37664,38133,38583,39025,39444,39847,40258,40667,41068,41460,41858,42228,42619,43016,43403,43781,44146,44494,44833,45158,45469,45773,46071,46364,46653,46938,47216,47488,47752,48007,48254,48496,48734,48966,49194,49413,49623,49826,50023,50214,50400,50579,50754,50914,51067,51213,51368,51530,51690,51847,51995,52136,52270,52399,52520,52658,52804,52940,53072,53325,53399,53584,53777,53998,54203,54402,54616,54829,55081,55357,55630,55880,56143,56419,56706,57026,57332,57651,57942,58272,58574,58979,59527,60169,60800,61381,62051,62693,63446,64257,65108,65975,66819,67679,68589,69591,70629,71652,72755,73774,74862,75867,77000,78025,79110,80168,81212,82221,83199,84152,85084,85927,86730,87502,88252,88825,89416,90014,90579,91121,91638,92102,92597,93065,93507,93933,94371,94781,95203,95659,96069,96549,97007,97441,97857,98249,98631,98988,99311,99610,99897,100159,100408,100645,100873,101120,101382,101657,101913,102144,102369,102641,102860,103127,103381,103611,103833,104092,104341,104606,104852,105124,105369,105596,105854,106097,106359,106610,106887,107122,107339,107578,107841,108116,108381,108629,108629,109088,109313,109559,109782,110049,110303,110513,110711,110894,111069,111247,111418,111600,111764,111917,112094,112279,112461,112622,112805,112960,113092,113255,113430,113593,113761,113948,114104,114234,114382,114543,114681,114851,115008,115143,115265,115410,115540,115688,115842,115970,116066,116157,116255,116349,116438,116543,116657,116750,116836,116946,117061,117192,117304,117429,117524,117622,117739,117879,118004,118116,118251,118378,118516,118645
Angola,0,0,0,0,0,0,0,0,0,0,0,0,0,0,0,0,0,0,0,0,0,0,0,0,0,0,0,0,0,0,0,0,0,0,0,0,0,0,0,0,0,0,0,0,0,0,0,0,0,0,0,0,0,0,0,0,0,0,1,2,2,3,3,3,4,4,5,7,7,7,8,8,8,10,14,16,17,19,19,19,19,19,19,19,19,19,19,24,24,24,24,25,25,25,25,26,27,27,27,27,30,35,35,35,36,36,36,43,43,45,45,45,45,48,48,48,48,50,52,52,58,60,61,69,70,70,71,74,81,84,86,86,86,86,86,86,88,91,92,96,113,118,130,138,140,142,148,155,166,172,176,183,186,189,197,212,212,259,267,276,284,291,315,328,346,346,346,386,386,396,458,462,506,525,541,576,607,638,687,705,749,779,812,851,880,916,932,950,1000,1078,1109,1148,1164,1199,1280,1344,1395,1483,1538,1572,1672,1679,1735,1762,1815,1852,1879,1906,1935,1966,2015,2044,2068,2134,2171,2222,2283,2332,2415,2471,2551,2624,2654,2729,2777,2805,2876,2935,2965,2981,3033,3092,3217,3279,3335,3388,3439,3569,3675,3789,3848,3901,3991,4117,4236,4363,4475,4590,4672,4718,4797,4905,4972,5114,5211,5370,5402,5530,5725,5725,5958,6031,6246,6366,6488,6680,6846,7096,7222,7462,7622,7829,8049,8338,8582,8829,9026,9381,9644,9871,10074,10269,10558,10805,11035,11228,11577,11813,12102,12223,12335,12433,12680,12816,12953,13053,13228,13374,13451,13615,13818,13922,14134,14267,14413,14493,14634,14742,14821,14920,15008,15087,15103,15139,15251,15319,15361,15493,15536,15591,15648,15729,15804,15925,16061,16161,16188,16277,16362,16407,16484,16562,16626,16644,16686,16802,16931,17029,17099,17149,17240,17296,17371,17433,17553,17568,17608,17642,17684,17756,17864,17974,18066,18156,18193,18254,18343,18425,18613,18679,18765,18875,18926,19011,19093,19177,19269,19367,19399,19476,19553,19580,19672,19723,19782,19796,19829,19900,19937,19996,20030,20062,20086,20112,20163,20210,20261,20294,20329,20366,20381,20389,20400,20452,20478,20499,20519,20548,20584,20640,20695,20759,20782,20807,20854,20882,20923,20981,21026,21055,21086,21108,21114,21161,21205,21265,21323,21380,21407,21446,21489,21558,21642,21696,21733,21757,21774,21836,21914,21961,22031,22063,22132,22182,22311,22399,22467,22579,22631,22717,22885,23010,23108,23242,23331,23457,23549
Australia Australian Capital Territory,0,0,0,0,0,0,0,0,0,0,0,0,0,0,0,0,0,0,0,0,0,0,0,0,0,0,0,0,0,0,0,0,0,0,0,0,0,0,0,0,0,0,0,0,0,0,0,0,0,0,0,1,1,1,2,2,3,4,6,9,19,32,39,39,53,62,71,77,78,80,84,87,91,93,96,96,96,99,100,103,103,103,102,103,103,103,103,103,103,104,104,104,104,105,106,106,106,106,106,106,106,106,106,107,107,107,107,107,107,107,107,107,107,107,107,107,107,107,107,107,107,107,107,107,107,107,107,107,107,107,107,107,107,107,107,107,108,108,108,108,108,108,108,108,108,108,108,108,108,108,108,108,108,108,108,108,108,108,108,108,108,108,108,108,108,108,108,111,112,113,113,113,113,113,113,113,113,113,113,113,113,113,113,113,113,113,113,113,113,113,113,113,113,113,113,113,113,113,113,113,113,113,113,113,113,113,113,113,113,113,113,113,113,113,113,113,113,113,113,113,113,113,113,113,113,113,113,113,113,113,113,113,113,113,113,113,113,113,113,113,113,113,113,113,113,113,113,113,113,113,113,113,113,113,113,113,113,113,113,113,113,113,113,113,113,113,113,113,113,113,113,113,113,114,114,114,114,114,114,114,114,114,114,114,114,114,114,114,114,114,114,114,114,114,114,114,114,114,114,114,115,115,115,115,115,115,115,115,115,116,117,117,117,117,117,117,117,117,117,117,117,117,117,117,117,117,117,117,117,117,117,117,117,118,118,118,118,118,118,118,118,118,118,118,118,118,118,118,118,118,118,118,118,118,118,118,118,118,118,118,118,118,118,118,118,118,118,118,118,118,118,118,118,118,118,118,118,118,118,118,118,118,118,118,118,118,118,118,118,118,118,118,118,118,118,118,118,118,118,118,118,118,118,118,118,120,120,120,120,122,122,122,123,123,123,123,123,123,123,123,123,123,123,123,123,123,123,123,123,123,123,123,123,123,123,123,123,123,123,123,123,123,123,123,123,123,123
Bahrain,0,0,0,0,0,0,0,0,0,0,0,0,0,0,0,0,0,0,0,0,0,0,0,0,0,0,0,0,0,0,0,0,0,1,23,33,33,36,41,47,49,49,52,55,60,85,85,95,110,195,195,195,210,214,214,228,256,278,285,305,334,377,392,419,458,466,476,499,515,567,569,643,672,688,700,756,811,823,887,925,1040,1136,1361,1528,1671,1700,1740,1773,1881,1907,1973,2027,2217,2518,2588,2647,2723,2811,2921,3040,3170,3284,3383,3533,3720,3934,4199,4444,4774,4941,5236,5531,5816,6198,6583,6747,6956,7184,7532,7888,8174,8414,8802,9138,9171,9366,9692,10052,10449,10793,11398,11871,12311,12815,13296,13835,14383,14763,15417,15731,16200,16667,17269,17713,18227,19013,19553,19961,20430,20916,21331,21764,22407,23062,23570,24081,24805,25267,25705,26239,26758,27414,27837,28410,28857,29367,29821,30321,30931,31528,32039,32470,32941,33476,34078,34560,35084,35473,36004,36422,36936,37316,37637,37996,38458,38747,39131,39482,39921,40311,40755,40982,41190,41536,41835,42132,42514,42889,43307,43629,44011,44397,44804,45264,45726,46052,46430,46835,47185,47581,47950,48303,48661,49038,49330,49719,50076,50393,50756,51113,51391,51574,51972,52440,52807,53433,54095,54771,55415,56076,56778,57450,58207,58839,59586,60307,60965,61643,62484,63189,63879,64499,65039,65752,66402,67014,67701,68190,68775,69361,69848,70422,70864,71374,71803,72310,72662,73116,73476,73932,74422,74860,75287,75614,75948,76272,76621,76954,77325,77571,77902,78224,78533,78907,79211,79574,79975,80255,80533,80765,81022,81262,81466,81645,81923,82133,82363,82624,82786,83023,83264,83456,83632,83811,84042,84192,84349,84523,84703,84882,85008,85182,85317,85467,85591,85705,85886,86016,86185,86347,86515,86645,86787,86956,87137,87270,87432,87600,87732,87930,88111,88294,88495,88632,88820,88965,89143,89268,89444,89600,89743,89883,90062,90282,90450,90634,90817,91070,91304,91518,91733,91935,92169,92425,92675,92913,93184,93478,93766,93995,94284,94633,95030,95317,95558,95879,96195,96470,96812,97020,97268,97607,97940,98260,98573,98878,99210,99456,99817,100230,100689,101116,101503,101971,102626,103057,103582,104239,104792,105496,106198,106713,107329,108048,108807,109604,110416,111312,112102,112742,113590,114361,115057,115705,116482,117234,117809,118530,119205,119858,120495,121127,121778,122394,123039,123531,124269,124857,125514,126126,126602,127255,127800,128428,129081,129825,130404,131001,131683,132369,133137,133779,134510,135326,135982,136741,137550,138283,139124,139953,140818,141845,142669,143574,144445,145380,146454,147770,148817,149791,150811,151931,153074,154280,155402,156462,157729
Bangladesh,0,0,0,0,0,0,0,0,0,0,0,0,0,0,0,0,0,0,0,0,0,0,0,0,0,0,0,0,0,0,0,0,0,0,0,0,0,0,0,0,0,0,0,0,0,0,3,3,3,3,3,3,3,5,8,10,14,17,20,25,27,33,39,39,44,48,48,48,49,51,54,56,61,70,88,123,164,218,330,424,482,621,803,1012,1231,1572,1838,2144,2456,2948,3382,3772,4186,4689,4998,5416,5913,6462,7103,7667,8238,8790,9455,10143,10929,11719,12425,13134,13770,14657,15691,16660,17822,18863,20065,20995,22268,23870,25121,26738,28511,30205,32078,33610,35585,36751,38292,40321,42844,44608,47153,49534,52445,55140,57563,60391,63026,65769,68504,71675,74865,78052,81523,84379,87520,90619,94481,98489,102292,105535,108775,112306,115786,119198,122660,126606,130474,133978,137787,141801,145483,149258,153277,156391,159679,162417,165618,168645,172134,175494,178443,181129,183795,186894,190057,193590,196323,199357,202066,204525,207453,210510,213254,216110,218658,221178,223453,226225,229185,232194,234889,237661,239860,240746,242102,244020,246674,249651,252502,255113,257600,260507,263503,266498,269115,271881,274525,276549,279144,282344,285091,287959,290360,292625,294598,297083,299628,302147,304583,306794,308925,310822,312996,314946,317528,319686,321615,323565,325157,327359,329251,331078,332970,334762,336044,337520,339332,341056,342671,344264,345805,347372,348918,350621,352178,353844,355384,356767,357873,359148,360555,362043,363479,364987,366383,367565,368690,370132,371631,373151,374592,375870,377073,378266,379738,381275,382959,384559,386086,387295,388569,390206,391586,393131,394827,396413,397507,398815,400251,401586,403079,404760,406364,407684,409252,410988,412647,414164,416006,417475,418764,420238,421921,423620,425353,427198,428965,430496,432333,434472,436684,438795,441159,443434,445281,447341,449760,451990,454146,456438,458711,460619,462407,464932,467225,469423,471739,473991,475789,477545,479743,481945,484104,485965,487849,489178,490533,492332,494209,495841,496975,498293,499560,500713,502183,503501,504868,506102,507265,508099,509148,510080,511261,512496,513510,514500,515184,516019,516929,517920,518898,519905,520690,521382,522453,523302,524020,524910,525723,526485,527063,527632,528329,529031,529687,530271,530890,531326,531799,532401,532916,533444,533953,534407,534770,535139,535582,536107,536545,537030,537465,537770,538062,538378,538765,539153,539531,539975,540266,540592,541038,541434,541877,542268,542674,543024,543351,543717,544116,544544,544954,545424,545831,546216,546801,547316,547930,548549,549184,549724,550330,551175,552087,553105,554156,555222,556236,557395,559168,560887,562752,564939,566838,568706,570878,573687,577241,580808,584395,588132,591806,595714,600895,605937,611295,617764,624594,630277,637364,644439,651652,659278,666132,673594,678937,684756,691957
Belize,0,0,0,0,0,0,0,0,0,0,0,0,0,0,0,0,0,0,0,0,0,0,0,0,0,0,0,0,0,0,0,0,0,0,0,0,0,0,0,0,0,0,0,0,0,0,0,0,0,0,0,0,0,0,0,0,0,0,0,0,0,1,1,2,2,2,2,2,3,3,3,3,4,4,5,7,7,8,9,10,13,14,18,18,18,18,18,18,18,18,18,18,18,18,18,18,18,18,18,18,18,18,18,18,18,18,18,18,18,18,18,18,18,18,18,18,18,18,18,18,18,18,18,18,18,18,18,18,18,18,18,18,18,18,18,19,19,19,19,20,20,20,20,20,20,21,22,22,22,22,22,22,23,23,23,23,24,24,24,24,24,28,28,30,30,30,30,30,30,30,37,37,37,37,39,39,40,40,40,40,40,42,43,47,48,48,48,48,48,48,48,48,56,57,57,57,86,114,114,146,153,177,177,210,296,356,388,452,475,475,553,605,648,668,686,713,730,760,818,870,964,993,1007,1050,1101,1101,1152,1194,1194,1307,1361,1365,1365,1435,1458,1480,1501,1528,1536,1567,1590,1606,1627,1635,1635,1706,1706,1808,1825,1825,1891,1891,1992,1992,2080,2080,2131,2196,2243,2310,2373,2427,2427,2531,2569,2585,2619,2682,2728,2775,2813,2833,2886,2937,2995,3050,3106,3145,3145,3200,3261,3261,3462,3487,3577,3624,3790,3905,3977,4016,4076,4176,4230,4414,4520,4596,4715,4783,4861,4883,4920,4958,5018,5056,5110,5183,5249,5335,5423,5515,5587,5647,5743,5854,5854,5854,7236,7383,7601,7769,7953,8013,8519,8805,8965,9173,9295,9377,9511,9672,9791,9791,9791,9791,10145,10257,10370,10490,10490,10490,10561,10591,10668,10724,10776,10776,10807,10901,10938,11018,11108,11152,11202,11266,11303,11332,11366,11419,11456,11529,11529,11580,11592,11615,11642,11676,11700,11722,11750,11770,11788,11816,11845,11877,11908,11908,11945,11957,11978,12008,12013,12037,12037,12070,12079,12107,12114,12134,12145,12145,12175,12188,12195,12207,12227,12244,12244,12255,12264,12271,12280,12293,12293,12293,12313,12320,12328,12329,12335,12335,12335,12335,12345,12355,12359,12370,12370,12370,12383,12389,12396,12399,12400,12400,12400,12407,12410,12410,12411,12415,12415,12415,12415,12415,12456,12456,12456,12456,12456,12456,12477,12485,12485,12485,12485,12485,12503
Canada Diamond Princess,0,0,0,0,0,0,0,0,0,0,0,0,0,0,0,0,0,0,0,0,0,0,0,0,0,0,0,0,0,0,0,0,0,0,0,0,0,0,0,0,0,0,0,0,0,0,0,0,0,0,0,0,0,0,0,0,0,0,0,0,0,0,0,0,0,0,0,0,0,0,0,0,0,0,0,0,0,0,0,0,0,0,0,0,0,0,0,0,0,0,0,0,0,0,0,0,0,0,0,0,1,1,1,1,1,1,1,1,1,1,1,1,1,1,1,1,1,1,1,1,1,1,1,1,1,1,1,1,1,1,1,1,0,0,0,0,0,0,0,0,0,0,0,0,0,0,0,0,0,0,0,0,0,0,0,0,0,0,0,0,0,0,0,0,0,0,0,0,0,0,0,0,0,0,0,0,0,0,0,0,0,0,0,0,0,0,0,0,0,0,0,0,0,0,0,0,0,0,0,0,0,0,0,0,0,0,0,0,0,0,0,0,0,0,0,0,0,0,0,0,0,0,0,0,0,0,0,0,0,0,0,0,0,0,0,0,0,0,0,0,0,0,0,0,0,0,0,0,0,0,0,0,0,0,0,0,0,0,0,0,0,0,0,0,0,0,0,0,0,0,0,0,0,0,0,0,0,0,0,0,0,0,0,0,0,0,0,0,0,0,0,0,0,0,0,0,0,0,0,0,0,0,0,0,0,0,0,0,0,0,0,0,0,0,0,0,0,0,0,0,0,0,0,0,0,0,0,0,0,0,0,0,0,0,0,0,0,0,0,0,0,0,0,0,0,0,0,0,0,0,0,0,0,0,0,0,0,0,0,0,0,0,0,0,0,0,0,0,0,0,0,0,0,0,0,0,0,0,0,0,0,0,0,0,0,0,0,0,0,0,0,0,0,0,0,0,0,0,0,0,0,0,0,0,0,0,0,0,0,0,0,0,0,0,0,0,0,0,0,0,0,0,0,0,0,0,0,0,0,0,0,0,0,0,0,0,0,0,0,0,0,0,0,0,0,0,0
Canada Grand Princess,0,0,0,0,0,0,0,0,0,0,0,0,0,0,0,0,0,0,0,0,0,0,0,0,0,0,0,0,0,0,0,0,0,0,0,0,0,0,0,0,0,0,0,0,0,0,0,0,0,0,0,2,2,2,2,8,9,9,10,10,13,13,13,13,13,13,13,13,13,13,13,13,13,13,13,13,13,13,13,13,13,13,13,13,13,13,13,13,13,13,13,13,13,13,13,13,13,13,13,13,13,13,13,13,13,13,13,13,13,13,13,13,13,13,13,13,13,13,13,13,13,13,13,13,13,13,13,13,13,13,13,13,13,13,13,13,13,13,13,13,13,13,13,13,13,13,13,13,13,13,13,13,13,13,13,13,13,13,13,13,13,13,13,13,13,13,13,13,13,13,13,13,13,13,13,13,13,13,13,13,13,13,13,13,13,13,13,13,13,13,13,13,13,13,13,13,13,13,13,13,13,13,13,13,13,13,13,13,13,13,13,13,13,13,13,13,13,13,13,13,13,13,13,13,13,13,13,13,13,13,13,13,13,13,13,13,13,13,13,13,13,13,13,13,13,13,13,13,13,13,13,13,13,13,13,13,13,13,13,13,13,13,13,13,13,13,13,13,13,13,13,13,13,13,13,13,13,13,13,13,13,13,13,13,13,13,13,13,13,13,13,13,13,13,13,13,13,13,13,13,13,13,13,13,13,13,13,13,13,13,13,13,13,13,13,13,13,13,13,13,13,13,13,13,13,13,13,13,13,13,13,13,13,13,13,13,13,13,13,13,13,13,13,13,13,13,13,13,13,13,13,13,13,13,13,13,13,13,13,13,13,13,13,13,13,13,13,13,13,13,13,13,13,13,13,13,13,13,13,13,13,13,13,13,13,13,13,13,13,13,13,13,13,13,13,13,13,13,13,13,13,13,13,13,13,13,13,13,13,13,13,13,13,13,13,13,13,13,13,13,13,13,13,13,13,13,13,13,13,13,13,13,13,13,13,13,13,13,13,13,13,13,13,13,13,13,13
Central African Republic,0,0,0,0,0,0,0,0,0,0,0,0,0,0,0,0,0,0,0,0,0,0,0,0,0,0,0,0,0,0,0,0,0,0,0,0,0,0,0,0,0,0,0,0,0,0,0,0,0,0,0,0,0,1,1,1,1,1,3,3,3,3,3,3,3,3,3,3,3,3,3,3,8,8,8,8,8,8,8,8,8,8,11,11,12,12,12,12,12,12,14,14,16,16,16,19,19,50,50,50,72,72,72,85,85,94,94,143,143,143,143,143,143,143,301,327,327,327,366,418,436,479,552,604,652,671,702,755,874,962,1011,1069,1069,1173,1288,1451,1570,1634,1850,1850,1888,1952,2044,2057,2057,2222,2410,2564,2605,2605,2686,2808,2963,3051,3099,3244,3340,3429,3429,3613,3745,3745,3788,3918,3969,3969,4033,4071,4109,4200,4259,4288,4288,4321,4356,4362,4373,4389,4485,4485,4548,4561,4574,4590,4593,4598,4599,4599,4599,4605,4605,4608,4614,4614,4614,4618,4618,4620,4641,4641,4641,4641,4645,4652,4652,4652,4652,4652,4667,4679,4679,4679,4679,4679,4679,4679,4691,4698,4698,4700,4700,4700,4711,4711,4712,4729,4729,4729,4729,4729,4735,4736,4747,4749,4749,4749,4772,4772,4782,4782,4786,4786,4786,4786,4802,4802,4804,4806,4806,4806,4806,4806,4829,4829,4829,4845,4845,4845,4852,4852,4853,4853,4854,4854,4854,4854,4855,4855,4855,4855,4855,4856,4858,4858,4862,4862,4862,4862,4863,4863,4863,4863,4866,4866,4866,4866,4866,4866,4866,4866,4879,4879,4880,4884,4884,4888,4888,4896,4900,4900,4900,4900,4907,4911,4911,4911,4911,4911,4911,4913,4913,4913,4913,4913,4918,4918,4918,4918,4922,4922,4922,4927,4927,4927,4936,4936,4936,4936,4936,4936,4936,4936,4936,4936,4936,4936,4948,4948,4948,4948,4948,4948,4961,4963,4963,4963,4963,4963,4963,4963,4963,4969,4969,4969,4973,4973,4973,4973,4973,4973,4973,4973,4973,4973,4974,4974,4974,4974,4980,4980,4980,4980,4981,4981,4981,4981,4989,4989,4989,4989,4989,4989,4989,4989,4989,4989,4996,4996,4996,4996,4996,4996,4997,4997,5001,5001,5001,5001,5001,5004,5004,5004,5004,5004,5004,5004,5004,5018,5018,5018,5021,5021,5023,5023,5023,5023,5023,5023,5023,5025,5064,5075,5075,5075,5087,5087,5087,5088,5088,5088,5088,5088,5088,5161,5161,5222,5245,5245,5245,5313,5313,5353,5402,5402,5491,5491,5491
China Hong Kong,0,2,2,5,8,8,8,10,10,12,13,15,15,17,21,24,25,26,29,38,49,50,53,56,56,57,60,62,63,68,68,69,74,79,84,91,92,94,95,96,100,100,105,105,107,108,114,115,120,126,129,134,140,145,155,162,181,208,256,273,317,356,386,410,453,519,561,641,682,714,765,802,845,862,890,914,935,960,973,989,1000,1004,1009,1012,1017,1017,1021,1024,1025,1025,1029,1033,1035,1035,1037,1037,1037,1037,1037,1037,1039,1039,1039,1040,1040,1040,1044,1044,1044,1047,1047,1047,1050,1051,1052,1052,1055,1055,1055,1055,1055,1065,1065,1065,1065,1065,1066,1066,1079,1082,1084,1087,1093,1093,1099,1102,1105,1106,1107,1107,1107,1107,1108,1109,1109,1112,1112,1120,1124,1124,1128,1131,1161,1177,1179,1193,1196,1197,1199,1203,1205,1233,1242,1247,1258,1268,1285,1299,1323,1365,1365,1431,1469,1469,1569,1588,1655,1713,1713,1777,1885,1958,2131,2249,2372,2505,2633,2778,2884,3002,3151,3272,3396,3511,3589,3669,3754,3849,3938,4007,4079,4148,4181,4243,4312,4360,4406,4480,4524,4560,4586,4604,4631,4657,4682,4691,4710,4734,4755,4768,4786,4801,4810,4822,4830,4838,4850,4857,4878,4889,4895,4901,4913,4925,4938,4957,4971,4975,4984,4993,4996,5009,5032,5038,5046,5049,5056,5058,5059,5065,5075,5079,5087,5097,5104,5108,5113,5124,5132,5143,5161,5169,5175,5182,5193,5201,5201,5213,5220,5237,5241,5256,5261,5269,5280,5284,5289,5295,5303,5308,5310,5313,5320,5323,5330,5336,5345,5348,5355,5361,5364,5374,5380,5389,5407,5430,5436,5444,5458,5466,5470,5479,5491,5517,5560,5628,5701,5781,5866,5947,6039,6123,6238,6314,6396,6499,6589,6701,6802,6897,6975,7075,7179,7291,7377,7446,7541,7623,7721,7803,7899,7969,8078,8152,8237,8300,8353,8424,8481,8540,8610,8671,8724,8778,8846,8888,8923,8964,9017,9049,9074,9107,9152,9211,9242,9283,9343,9385,9414,9452,9502,9557,9664,9720,9797,9928,9928,10009,10085,10158,10222,10282,10321,10371,10399,10452,10486,10511,10530,10552,10589,10608,10635,10667,10693,10710,10731,10755,10767,10779,10788,10796,10812,10820,10833,10848,10868,10884,10896,10913,10926,10950,10983,11005,11019,11032,11046,11055,11066,11074,11090,11099,11120,11128,11150,11210,11257,11281,11311,11329,11340,11350,11363,11371,11379,11397,11409,11419,11428,11439,11445,11446,11454,11461,11467,11480,11499,11501,11508,11524,11531,11539,11549,11563,11568,11581,11594
China Hubei,444,444,549,761,1058,1423,3554,3554,4903,5806,7153,11177,13522,16678,19665,22112,24953,27100,29631,31728,33366,33366,48206,54406,56249,58182,59989,61682,62031,62442,62662,64084,64084,64287,64786,65187,65596,65914,66337,66907,67103,67217,67332,67466,67592,67666,67707,67743,67760,67773,67781,67786,67790,67794,67798,67799,67800,67800,67800,67800,67800,67800,67801,67801,67801,67801,67801,67801,67801,67801,67802,67802,67802,67803,67803,67803,67803,67803,67803,67803,67803,67803,67803,67803,67803,67803,68128,68128,68128,68128,68128,68128,68128,68128,68128,68128,68128,68128,68128,68128,68128,68128,68128,68128,68128,68128,68128,68128,68129,68134,68134,68134,68134,68134,68134,68134,68134,68135,68135,68135,68135,68135,68135,68135,68135,68135,68135,68135,68135,68135,68135,68135,68135,68135,68135,68135,68135,68135,68135,68135,68135,68135,68135,68135,68135,68135,68135,68135,68135,68135,68135,68135,68135,68135,68135,68135,68135,68135,68135,68135,68135,68135,68135,68135,68135,68135,68135,68135,68135,68135,68135,68135,68135,68135,68135,68135,68135,68135,68135,68135,68135,68135,68135,68135,68135,68135,68135,68135,68135,68135,68135,68135,68138,68138,68138,68138,68138,68138,68139,68139,68139,68139,68139,68139,68139,68139,68139,68139,68139,68139,68139,68139,68139,68139,68139,68139,68139,68139,68139,68139,68139,68139,68139,68139,68139,68139,68139,68139,68139,68139,68139,68139,68139,68139,68139,68139,68139,68139,68139,68139,68139,68139,68139,68139,68139,68139,68139,68139,68139,68139,68139,68139,68139,68139,68139,68139,68139,68139,68139,68139,68139,68139,68139,68139,68139,68139,68139,68139,68139,68139,68139,68139,68139,68139,68139,68139,68139,68139,68139,68139,68139,68139,68139,68139,68139,68143,68143,68143,68143,68143,68147,68147,68147,68147,68147,68147,68147,68148,68148,68148,68148,68148,68148,68148,68148,68148,68148,68148,68148,68148,68148,68148,68148,68148,68148,68149,68149,68149,68149,68149,68149,68149,68149,68149,68149,68149,68149,68149,68149,68149,68149,68149,68149,68149,68149,68149,68149,68149,68149,68149,68149,68149,68149,68149,68149,68149,68149,68149,68149,68149,68149,68149,68149,68149,68149,68149,68149,68149,68149,68149,68149,68149,68149,68149,68150,68150,68150,68150,68150,68150,68150,68150,68150,68150,68150,68150,68150,68150,68150,68150,68150,68150,68150,68150,68150,68150,68150,68150,68150,68150,68150,68150,68151,68151,68151,68151,68151,68151,68151,68151,68151,68151,68151,68151,68151,68151,68151,68151,68151,68151,68151,68151,68151,68151,68151,68151,68151,68151,68151,68151,68151,68151,68151,68151,68151,68151,68151,68152,68152,68152,68152,68152,68152,68152,68152,68152,68152,68152,68152,68152,68153,68153,68153,68154,68154,68154,68154
China,548,643,920,1406,2075,2877,5509,6087,8141,9802,11891,16630,19716,23707,27440,30587,34110,36814,39829,42354,44386,44759,59895,66358,68413,70513,72434,74211,74619,75077,75550,77001,77022,77241,77754,78166,78600,78928,79356,79932,80136,80261,80386,80537,80690,80770,80823,80860,80887,80921,80932,80945,80977,81003,81033,81058,81102,81156,81250,81305,81435,81498,81591,81661,81782,81897,81999,82122,82198,82279,82361,82432,82511,82543,82602,82665,82718,82809,82883,82941,83014,83134,83213,83306,83356,83403,83760,83787,83805,83817,83853,83868,83884,83899,83909,83912,83918,83940,83944,83956,83959,83959,83964,83966,83968,83970,83975,83976,83990,84010,84011,84018,84024,84029,84038,84044,84054,84063,84063,84063,84063,84081,84084,84095,84102,84103,84106,84106,84123,84128,84146,84154,84161,84160,84171,84177,84186,84191,84195,84198,84209,84216,84228,84286,84335,84378,84422,84458,84494,84494,84553,84572,84624,84653,84673,84701,84725,84743,84757,84780,84785,84816,84830,84838,84857,84871,84889,84917,84950,84992,84992,85071,85117,85117,85226,85246,85327,85402,85418,85503,85622,85708,85906,86045,86202,86381,86570,86783,86990,87213,87489,87655,87827,87985,88099,88206,88328,88460,88580,88672,88793,88906,88958,89045,89144,89214,89279,89375,89441,89494,89527,89567,89616,89654,89695,89718,89752,89784,89814,89836,89863,89895,89914,89933,89953,89986,90008,90025,90058,90078,90087,90100,90127,90145,90168,90197,90219,90235,90253,90294,90311,90334,90369,90381,90399,90409,90424,90441,90456,90483,90505,90528,90545,90567,90584,90604,90629,90652,90667,90687,90728,90751,90778,90812,90830,90858,90869,90905,90925,90955,90972,91006,91022,91044,91073,91108,91128,91151,91175,91222,91271,91299,91339,91366,91397,91452,91478,91509,91552,91591,91622,91665,91693,91719,91752,91783,91807,91828,91850,91872,91885,91906,91935,91977,92037,92116,92211,92296,92402,92488,92586,92681,92814,92902,92993,93113,93221,93348,93467,93577,93670,93782,93898,94025,94124,94217,94328,94427,94537,94626,94734,94821,94953,95050,95150,95228,95298,95383,95460,95541,95632,95720,95797,95876,95963,96023,96086,96160,96246,96310,96398,96484,96562,96690,96824,96920,97095,97275,97448,97616,97775,97939,98164,98323,98544,98786,98886,99047,99247,99402,99541,99655,99746,99848,99968,100063,100127,100177,100226,100268,100318,100348,100389,100435,100475,100494,100527,100559,100578,100599,100624,100639,100666,100684,100705,100727,100758,100784,100807,100832,100851,100885,100924,100965,100990,101013,101037,101055,101074,101097,101132,101149,101175,101194,101225,101292,101349,101378,101421,101443,101460,101481,101498,101518,101533,101560,101582,101603,101623,101646,101663,101675,101692,101710,101732,101753,101799,101821,101861,101901,101920,101953,101984,102012,102027,102056,102078
Colombia,0,0,0,0,0,0,0,0,0,0,0,0,0,0,0,0,0,0,0,0,0,0,0,0,0,0,0,0,0,0,0,0,0,0,0,0,0,0,0,0,0,0,0,0,1,1,1,1,3,9,9,13,22,34,57,75,102,108,158,196,231,277,378,470,491,539,608,702,798,906,1065,1161,1267,1406,1485,1579,1780,2054,2223,2473,2709,2776,2852,2979,3105,3233,3439,3621,3792,3977,4149,4356,4561,4881,5142,5379,5597,5949,6207,6507,7006,7285,7668,7973,8613,8959,9456,10051,10495,11063,11613,12272,12930,13610,14216,14939,15574,16295,16935,17687,18330,19131,20177,21175,21981,23003,24104,25366,26688,28236,29383,30493,31833,33354,35120,36635,38027,39236,40719,42078,43682,45212,46858,48746,50939,53063,54931,57046,60217,63276,65633,68652,71183,73572,77113,80599,84442,88591,91769,95043,97846,102009,106110,109505,113389,117110,120281,124494,128638,133973,140776,145632,150445,154277,159898,165169,173206,182140,190700,197278,204005,211038,218428,226373,233541,240795,248976,257101,267385,276055,286020,295508,306181,317651,327850,334979,345714,357710,367204,376870,387481,397623,410453,422519,433805,445111,456689,468332,476660,489122,502178,513719,522138,533103,541139,551688,562113,572243,581995,590492,599884,607904,615094,624026,633321,641574,650063,658456,666521,671848,679513,686851,694664,702088,708964,716319,721892,728590,736377,743945,750471,758398,765076,770435,777537,784268,790823,798317,806038,813056,818203,824042,829679,835339,841532,848147,855052,862158,869808,877684,886179,894300,902747,911316,919084,924098,930159,936982,945354,952371,959572,965883,974139,981700,990373,998942,1007711,1015885,1025052,1033218,1041935,1053122,1063151,1074184,1083321,1093256,1099392,1108086,1117977,1127733,1136447,1143887,1149064,1155356,1165326,1174012,1182697,1191634,1198746,1205217,1211128,1218003,1225490,1233444,1240493,1248417,1254979,1262494,1270991,1280487,1290510,1299613,1308376,1316806,1324792,1334089,1343322,1352607,1362249,1371103,1377100,1384610,1392133,1399911,1408909,1417072,1425774,1434516,1444646,1456599,1468795,1482072,1496062,1507222,1518067,1530593,1544826,1559766,1574707,1584903,1594497,1603807,1614822,1626461,1642775,1654880,1666408,1675820,1686131,1702966,1719771,1737347,1755568,1771363,1786900,1801903,1816082,1831980,1849101,1870179,1891034,1908413,1923132,1939071,1956979,1972345,1987418,2002969,2015485,2027746,2041352,2055305,2067575,2077633,2086806,2094884,2104506,2114597,2125622,2135412,2142660,2151207,2157216,2161462,2166904,2173347,2179641,2185169,2190116,2195039,2198549,2202598,2207701,2212525,2217001,2222018,2226262,2229663,2233589,2237542,2241225,2244792,2248135,2251690,2255260,2259599,2262646,2266211,2269582,2273245,2276656,2278861,2282372,2285960,2290539,2294617,2299082,2303144,2305884,2309600,2314154,2319293,2324426,2331187,2337230,2342278,2347224,2353210,2359942,2367337,2375591,2382730,2389779,2397731,2406377,2417826,2428048,2437197,2446219,2456409,2468236,2479617,2492081,2504206,2518715,2536198,2552937
Costa Rica,0,0,0,0,0,0,0,0,0,0,0,0,0,0,0,0,0,0,0,0,0,0,0,0,0,0,0,0,0,0,0,0,0,0,0,0,0,0,0,0,0,0,0,0,1,1,5,9,9,13,22,23,26,27,35,41,50,69,89,117,134,158,177,201,231,263,295,314,330,347,375,396,416,435,454,467,483,502,539,558,577,595,612,618,626,642,649,655,660,662,669,681,686,687,693,695,697,705,713,719,725,733,739,742,755,761,765,773,780,792,801,804,815,830,843,853,863,866,882,897,903,911,918,930,951,956,984,1000,1022,1047,1056,1084,1105,1157,1194,1228,1263,1318,1342,1375,1461,1538,1612,1662,1715,1744,1796,1871,1939,2058,2127,2213,2277,2368,2515,2684,2836,2979,3130,3269,3459,3753,4023,4311,4621,4996,5241,5486,5836,6485,6845,7231,7596,8036,8482,8986,9546,9969,10551,11114,11534,11811,12361,13129,13669,14600,15229,15841,16344,16800,17290,17820,18187,18975,19402,19837,20417,21070,22081,22802,23286,23872,24508,25057,26129,26931,27737,28465,29084,29643,30409,31075,32134,33084,33820,34463,35305,36307,37292,38485,39699,39699,41287,42184,43305,44458,45680,46920,46920,48780,49897,51224,52549,53969,55454,55454,57361,58137,59516,60818,62374,63712,63712,65602,66689,68059,69459,70816,72049,72049,73714,74604,75760,76828,77829,79182,79182,81129,82142,83497,84828,86053,87439,87439,89223,90238,91780,93152,94348,95514,95514,97075,97922,99425,100616,101826,103088,103088,104460,105322,106553,107570,108866,109971,109971,111257,112120,113261,114367,115417,116363,116363,117587,118566,119768,120939,122123,123223,123223,124592,125590,127012,128231,129418,129418,129418,132295,133190,134520,135742,137093,137093,137093,139638,140172,141340,142505,143685,143685,143685,146421,147430,148688,149815,150947,150947,150947,153169,154096,155263,156388,157472,157472,157472,159893,160804,161942,162990,162990,162990,162990,165762,166799,168114,169321,169321,169321,169321,172436,173591,175038,176407,177614,177614,177614,180061,181093,182156,183242,184187,184187,184187,186016,186877,187712,188477,189308,189308,189308,190745,191345,192066,192637,193276,193276,193276,194569,195009,195537,195992,196438,196438,196438,197435,197852,198338,198756,199187,199187,199187,200024,200454,200888,201241,201678,201678,201678,202674,203097,203496,203914,204341,204341,204341,205086,205514,205890,206293,206640,206640,206640,206640,207832,207832,207832,209093,209093,209093,209093,210447,210447,210447,211903,211903,211903,211903,213438,213438,213438,215178,215178,215178,215178,216764,216764,216764,216764,216764,216764,216764,219846,219846,219846,222544,222544,222544,222544
Cote d'Ivoire,0,0,0,0,0,0,0,0,0,0,0,0,0,0,0,0,0,0,0,0,0,0,0,0,0,0,0,0,0,0,0,0,0,0,0,0,0,0,0,0,0,0,0,0,0,0,0,0,0,1,1,1,1,1,1,5,6,9,9,14,14,25,73,80,96,101,101,165,168,179,190,194,218,245,261,323,349,384,444,444,533,574,626,638,638,654,688,801,847,847,916,952,1004,1077,1077,1150,1164,1183,1238,1275,1333,1362,1398,1432,1464,1516,1571,1602,1667,1700,1730,1857,1912,1971,2017,2061,2109,2119,2153,2231,2301,2341,2366,2376,2423,2477,2556,2641,2750,2799,2833,2951,3024,3110,3262,3431,3557,3739,3881,3995,4181,4404,4684,4848,5084,5439,5679,6063,6444,6874,7276,7492,7677,7904,8164,8334,8739,8944,9101,9214,9499,9702,9992,10244,10462,10772,10966,11194,11504,11750,12052,12443,12766,12872,13037,13403,13554,13696,13912,14119,14312,14531,14733,15001,15253,15494,15596,15655,15713,15813,15978,16047,16109,16182,16220,16293,16349,16447,16524,16620,16715,16798,16847,16847,16889,16935,16993,17026,17107,17150,17232,17249,17310,17374,17471,17506,17562,17603,17702,17797,17893,17948,18067,18103,18161,18208,18269,18472,18588,18701,18778,18815,18869,18916,18916,19013,19066,19100,19132,19158,19200,19269,19320,19327,19343,19430,19501,19556,19600,19629,19641,19669,19724,19755,19793,19849,19882,19885,19903,19935,19982,20036,20128,20154,20155,20183,20217,20257,20275,20301,20323,20324,20342,20363,20390,20405,20429,20470,20486,20488,20555,20628,20692,20716,20716,20753,20765,20778,20789,20801,20813,20832,20835,20847,20855,20882,20899,20945,20976,20988,21004,21045,21083,21099,21126,21138,21148,21156,21168,21199,21232,21261,21310,21331,21334,21361,21389,21412,21441,21485,21507,21513,21547,21590,21618,21639,21680,21705,21775,21741,21772,21845,21890,21918,21932,21942,21984,22071,22081,22081,22152,22176,22250,22366,22490,22563,22563,22648,22800,22855,22963,23173,23254,23482,23750,23894,24186,24369,24578,24856,24856,25241,25304,25383,25597,25751,26315,26612,26850,27096,27237,27455,27694,27934,28178,28399,28475,28607,28739,29102,29295,29567,29825,29967,29967,30240,30526,30717,30884,31140,31235,31365,31497,31612,31825,31914,32026,32039,32124,32295,32295,32478,32631,32754,32791,32929,33285,33976,34412,34935,35187,35331,35477,36028,36511,36824,37304,37653,37908,38120,38282,38923,39434,39913,40310,40601,40868,41307,42074,42468,42861,43180,43422,43542,43889,43889,44445,44618,44749,44841,44854,44880,44975,45089,45089,45206,45227
Croatia,0,0,0,0,0,0,0,0,0,0,0,0,0,0,0,0,0,0,0,0,0,0,0,0,0,0,0,0,0,0,0,0,0,0,1,3,3,5,6,7,7,9,10,10,11,12,12,12,14,19,19,32,38,49,57,65,81,105,128,206,254,315,382,442,495,586,657,713,790,867,963,1011,1079,1126,1182,1222,1282,1343,1407,1495,1534,1600,1650,1704,1741,1791,1814,1832,1871,1881,1908,1950,1981,2009,2016,2030,2039,2047,2062,2076,2085,2088,2096,2101,2112,2119,2125,2161,2176,2187,2196,2207,2213,2221,2222,2224,2226,2228,2232,2234,2237,2243,2243,2244,2244,2244,2244,2245,2245,2246,2246,2246,2246,2246,2247,2247,2247,2247,2247,2247,2249,2249,2249,2251,2252,2254,2255,2258,2269,2280,2299,2317,2336,2366,2388,2483,2539,2624,2691,2725,2777,2831,2912,3008,3094,3151,3220,3272,3325,3416,3532,3672,3722,3775,3827,3953,4039,4137,4253,4345,4370,4422,4530,4634,4715,4792,4857,4881,4923,4993,5071,5139,5224,5260,5294,5318,5376,5404,5466,5543,5604,5649,5740,5870,6050,6258,6420,6571,6656,6855,7074,7329,7594,7900,8175,8311,8530,8888,9192,9549,9861,10123,10269,10414,10725,11094,11428,11739,11964,12081,12285,12626,12917,13107,13368,13533,13598,13749,14029,14279,14513,14725,14922,14992,15136,15340,15572,15795,16007,16197,16245,16380,16593,16827,17160,17401,17659,17797,18084,18447,18989,19446,19932,20440,20621,20993,21741,22534,23665,24761,25580,25973,26863,28287,29850,31717,33959,36380,37208,38621,40999,43775,46547,49316,51495,52660,54087,56567,59415,62305,64704,67247,68776,70243,72840,75922,78978,81844,84206,85519,87464,90715,93879,96837,100410,103718,105691,108014,111617,115626,119706,123693,126612,128442,131342,134881,139415,143370,147454,150353,152239,154852,159372,163992,168388,172523,175886,177358,179718,183045,186963,190235,192987,194962,195728,197323,200086,202319,203962,204312,204930,205246,206596,208446,210837,212007,212262,212958,213319,214390,216286,216848,217946,219347,219993,220223,220982,222117,223097,223812,224575,224954,225128,225648,226550,227326,227969,228568,228920,229054,229502,230359,230978,231539,232090,232426,232520,232907,233637,234153,234702,235126,235402,235473,235756,236333,236709,237080,237459,237657,237725,237999,238501,238866,239254,239685,239945,240017,240360,241048,241592,242097,242617,242973,243064,243458,244205,244872,245462,246120,246514,246608,247099,248061,248838,249661,250484,251045,251174,251865,253310,254507,255619,256805,257639,257789,258745,260636,262309,264111,265901,267222,267522,269009,271632,274054,276416,278650,280026,280164,280899,282548,285765,288364,290899,292516,292938
Cuba,0,0,0,0,0,0,0,0,0,0,0,0,0,0,0,0,0,0,0,0,0,0,0,0,0,0,0,0,0,0,0,0,0,0,0,0,0,0,0,0,0,0,0,0,0,0,0,0,0,0,3,4,4,4,4,5,7,11,16,21,35,40,48,57,67,80,119,139,170,186,212,233,269,288,320,350,396,457,515,564,620,669,726,766,814,862,923,986,1035,1087,1137,1189,1235,1285,1337,1369,1389,1437,1467,1501,1537,1611,1649,1668,1685,1703,1729,1741,1754,1766,1783,1804,1810,1830,1840,1862,1872,1881,1887,1900,1908,1916,1931,1941,1947,1963,1974,1983,2005,2025,2045,2083,2092,2107,2119,2133,2173,2191,2200,2205,2211,2219,2233,2238,2248,2262,2273,2280,2295,2305,2309,2312,2315,2318,2319,2321,2325,2330,2332,2340,2341,2348,2353,2361,2369,2372,2380,2395,2399,2403,2413,2420,2426,2428,2432,2438,2440,2444,2445,2446,2446,2449,2462,2466,2469,2478,2495,2532,2555,2588,2597,2608,2633,2646,2670,2701,2726,2775,2829,2888,2953,3046,3093,3128,3174,3229,3292,3316,3364,3408,3482,3565,3582,3617,3682,3717,3744,3759,3806,3866,3925,3973,4032,4065,4126,4214,4266,4298,4309,4352,4377,4459,4551,4593,4653,4684,4726,4803,4876,4933,5004,5055,5091,5141,5222,5270,5310,5350,5412,5457,5483,5531,5597,5670,5718,5780,5809,5845,5883,5898,5917,5943,5948,5978,6000,6017,6035,6062,6118,6170,6220,6258,6305,6368,6421,6479,6534,6566,6595,6678,6727,6766,6801,6887,6935,6970,7035,7144,7184,7228,7267,7297,7349,7392,7429,7487,7541,7568,7590,7639,7667,7704,7725,7763,7798,7846,7879,7950,8026,8075,8110,8173,8233,8284,8381,8456,8531,8610,8714,8782,8906,8982,9106,9181,9267,9354,9423,9492,9588,9671,9771,9893,10024,10127,10242,10384,10500,10717,10900,11038,11205,11434,11601,11687,11863,12056,12225,12424,12740,12964,13165,13479,13823,14188,14576,15007,15494,16044,16549,17096,17501,18151,18443,18773,19122,19530,20060,20627,21261,21828,22614,23439,24105,24764,25674,26686,27592,28636,29529,30345,31190,32011,32831,33484,34064,34922,35772,36595,37483,38289,39004,39941,40765,41688,42547,43484,44523,45361,46197,46896,47566,48441,49161,49779,50590,51587,52501,53308,54085,54835,55693,56566,57607,58379,59157,59919,60558,61472,62206,62998,63725,64414,65149,65962,66758,67476,68250,68986,69802,70634,71584,72503,73204,74212,75263,76276,77353,78382,79544,80610,81640,82601,83515,84532,85572,86531,87385
Cyprus,0,0,0,0,0,0,0,0,0,0,0,0,0,0,0,0,0,0,0,0,0,0,0,0,0,0,0,0,0,0,0,0,0,0,0,0,0,0,0,0,0,0,0,0,0,0,0,2,3,6,6,14,26,26,33,46,49,67,67,84,95,116,124,132,146,162,179,214,230,262,320,356,396,426,446,465,494,526,564,595,616,633,662,695,715,735,750,761,767,772,784,790,795,804,810,817,822,837,843,850,857,864,872,874,878,883,889,891,892,898,901,903,905,907,910,914,916,917,918,922,923,927,927,935,937,939,939,941,942,944,944,949,952,958,958,960,960,964,970,972,974,975,980,980,983,985,985,985,985,985,985,986,988,990,991,992,992,994,994,996,998,999,999,999,1002,1003,1004,1005,1008,1010,1013,1014,1021,1022,1023,1025,1031,1033,1037,1038,1038,1040,1040,1045,1047,1053,1057,1060,1067,1080,1090,1114,1124,1150,1155,1180,1195,1208,1222,1233,1242,1252,1277,1291,1305,1318,1332,1339,1351,1359,1385,1395,1406,1417,1421,1451,1474,1484,1467,1481,1483,1487,1488,1490,1495,1498,1502,1507,1509,1510,1511,1514,1517,1520,1523,1526,1534,1540,1548,1558,1565,1590,1600,1603,1618,1654,1663,1671,1684,1696,1713,1743,1755,1772,1789,1811,1824,1847,1876,1897,1918,1951,1986,2006,2047,2130,2181,2285,2379,2581,2644,2687,2839,2966,3154,3314,3444,3545,3636,3817,3930,4051,4217,4366,4563,4760,4934,5100,5333,5557,5871,5987,6098,6296,6461,6646,6853,7051,7178,7285,7513,7711,7979,8211,8456,8643,8947,9199,9453,9673,9983,10231,10383,10565,10883,11175,11523,11812,12181,12451,12867,13286,13286,13649,13649,14476,15101,15450,15789,16190,16190,16647,17476,17688,18004,18004,18883,19316,19366,19391,19657,20408,21315,22019,22019,22818,23445,23974,24639,25208,25781,26208,26674,27011,27350,27638,27897,28124,28124,28609,28811,28968,29130,29294,29472,29636,29758,29887,30017,30143,30252,30380,30538,30657,30770,30876,30996,31124,31263,31379,31512,31644,31759,31864,31959,32072,32175,32288,32390,32513,32626,32707,32828,32935,33046,33153,33260,33391,33567,33710,33909,34181,34424,34707,35009,35297,35620,36004,36277,36575,36878,37230,37650,38065,38496,38879,39277,39651,39869,40344,40726,41111,41475,41882,42218,42628,42993,43286,43610,43971,44305,44631,44991,45430,45864,46173,46878,47282,47713,48278,48837,49366,49988,50589,51035,51505,52033
Czechia,0,0,0,0,0,0,0,0,0,0,0,0,0,0,0,0,0,0,0,0,0,0,0,0,0,0,0,0,0,0,0,0,0,0,0,0,0,0,0,3,3,5,8,12,18,19,31,31,41,91,94,141,189,253,298,396,464,694,833,995,1120,1236,1394,1654,1925,2279,2631,2817,3001,3308,3508,3858,4091,4472,4587,4822,5017,5312,5569,5732,5831,5991,6059,6111,6216,6433,6549,6606,6746,6900,7033,7132,7187,7273,7352,7404,7445,7504,7579,7682,7737,7755,7781,7819,7896,7974,8031,8077,8095,8123,8176,8221,8269,8351,8406,8455,8475,8586,8647,8721,8754,8813,8890,8955,9002,9050,9086,9140,9196,9230,9268,9302,9364,9438,9494,9529,9567,9628,9697,9751,9824,9855,9938,9991,10024,10064,10111,10162,10280,10406,10448,10498,10523,10650,10777,10870,11038,11298,11603,11805,11954,12046,12178,12319,12440,12515,12566,12685,12814,12919,13001,13115,13174,13238,13341,13475,13612,13742,13855,13945,14098,14324,14570,14800,15081,15212,15324,15516,15799,16093,16371,16574,16699,16800,17008,17286,17529,17731,18060,18235,18353,18494,18783,19075,19401,19693,19891,20012,20202,20483,20798,21045,21551,21790,21923,22181,22548,22951,23169,23777,24094,24367,24618,25117,25773,26452,27249,27752,28156,28716,29877,31036,32413,33860,35401,36188,37222,38896,41032,44155,46262,48306,49290,50764,53158,55464,58374,61318,63294,64597,65883,67843,70763,74255,78051,80605,82446,85566,90022,95360,100757,109374,114005,117110,121421,129747,139290,149010,160112,168827,173885,181962,193946,208915,223065,238323,250797,258097,268370,284033,297013,310068,323673,335102,341644,350896,362985,378716,391945,403497,411220,414828,417181,429880,438805,446675,454030,458229,460116,465523,469769,475284,481755,487563,490750,492263,496638,502534,505215,511520,515984,518649,519723,523298,528474,533042,537663,542406,544179,546833,546833,551070,556927,563333,569205,575422,579079,581079,586251,594148,602404,610006,618836,624140,627523,635414,646312,660461,664863,667569,670599,674340,685202,701622,718661,732022,735469,740481,746714,759635,776967,794740,809601,822716,831165,835454,844799,855600,866522,874605,883906,889159,891852,899503,909131,917359,924847,933361,937617,940004,946946,956155,964660,972642,980714,984774,987329,994514,1003657,1013352,1021477,1030112,1034975,1037405,1045132,1055415,1064952,1073966,1082849,1088009,1090860,1099654,1112322,1123252,1134957,1146321,1153159,1157180,1168491,1184352,1198168,1212780,1227595,1235480,1240051,1252242,1269058,1284288,1299002,1312164,1321331,1325291,1335815,1351195,1365724,1376998,1392108,1399078,1402420,1412962,1426991,1439019,1449696,1459406,1469547,1467333,1475538,1486510,1495361,1503307,1511021,1515029,1516772,1523668,1532332,1539617,1545865,1549734,1551896,1553820,1555245,1560777,1567848,1573153,1577972,1580189,1581184
Denmark Faroe Islands,0,0,0,0,0,0,0,0,0,0,0,0,0,0,0,0,0,0,0,0,0,0,0,0,0,0,0,0,0,0,0,0,0,0,0,0,0,0,0,0,0,0,1,1,1,1,2,2,2,2,2,3,9,11,18,47,58,72,80,92,115,118,122,132,140,144,155,159,168,169,173,177,179,181,181,183,184,184,184,184,184,184,184,184,184,184,184,184,185,185,185,185,187,187,187,187,187,187,187,187,187,187,187,187,187,187,187,187,187,187,187,187,187,187,187,187,187,187,187,187,187,187,187,187,187,187,187,187,187,187,187,187,187,187,187,187,187,187,187,187,187,187,187,187,187,187,187,187,187,187,187,187,187,187,187,187,187,187,187,187,187,187,187,187,187,188,188,188,188,188,188,188,188,188,188,188,188,188,188,191,191,191,191,191,191,192,214,214,220,220,225,225,225,225,225,227,241,266,291,295,303,306,318,339,362,365,370,372,373,377,382,383,384,384,384,410,411,411,411,411,411,411,411,411,411,412,413,413,413,413,414,415,415,416,418,423,423,428,428,429,430,431,434,437,448,451,455,458,460,460,460,463,467,472,472,473,474,475,475,476,477,477,477,477,477,477,478,480,482,483,485,485,488,488,490,490,490,490,490,494,494,494,494,495,495,495,495,495,495,495,495,497,497,497,497,497,497,497,498,498,498,498,498,498,499,500,500,500,500,500,500,502,502,503,503,503,505,505,506,510,510,514,519,519,520,525,528,528,530,532,534,534,539,546,547,550,556,561,567,571,579,582,601,605,610,610,614,620,622,626,640,643,644,646,646,646,646,647,647,648,649,649,649,650,652,652,652,652,652,652,654,654,654,654,654,654,654,654,654,655,655,655,656,656,657,657,657,657,657,657,657,658,658,658,658,658,658,658,658,658,658,658,658,658,658,658,658,658,658,658,658,660,660,660,660,660,660,661,661,661,661,661,661,661,661,661,661,661,661,661,661,661,661,661,661,661,661,661,661,661,661,661,661,661,661,661,661
Denmark Greenland,0,0,0,0,0,0,0,0,0,0,0,0,0,0,0,0,0,0,0,0,0,0,0,0,0,0,0,0,0,0,0,0,0,0,0,0,0,0,0,0,0,0,0,0,0,0,0,0,0,0,0,0,0,0,1,1,1,2,2,2,4,4,5,6,6,10,10,10,10,10,10,10,10,11,11,11,11,11,11,11,11,11,11,11,11,11,11,11,11,11,11,11,11,11,11,11,11,11,11,11,11,11,11,11,11,11,11,11,11,11,11,11,11,11,11,11,11,11,11,11,11,11,11,12,12,12,13,13,13,13,13,13,13,13,13,13,13,13,13,13,13,13,13,13,13,13,13,13,13,13,13,13,13,13,13,13,13,13,13,13,13,13,13,13,13,13,13,13,13,13,13,13,13,13,13,13,13,13,13,13,13,13,13,13,13,13,13,14,14,14,14,14,14,14,14,14,14,14,14,14,14,14,14,14,14,14,14,14,14,14,14,14,14,14,14,14,14,14,14,14,14,14,14,14,14,14,14,14,14,14,14,14,14,14,14,14,14,14,14,14,14,14,14,14,14,14,14,14,14,14,14,14,14,14,14,14,14,14,14,15,15,16,16,16,16,16,16,16,16,16,16,16,16,16,17,17,17,17,17,17,17,17,17,17,17,17,17,17,17,17,17,17,17,17,17,18,18,18,18,18,18,18,18,18,18,18,18,18,18,18,18,18,18,18,18,18,18,18,18,18,18,19,19,19,19,19,19,19,19,19,19,19,19,19,25,25,25,25,26,26,26,26,26,27,27,27,27,27,27,28,28,27,29,29,29,29,29,29,30,30,30,30,30,30,30,30,30,30,30,30,30,30,30,30,30,30,30,30,30,30,30,30,30,30,30,30,30,30,30,30,30,30,30,30,30,30,30,30,30,30,30,30,30,30,30,30,30,31,31,31,31,31,31,31,31,31,31,31,31,31,31,31,31,31,31,31,31,31,31,31,31,31,31,31,31,31,31,31,31,31,31,31,31,31,31,31,31
Denmark MAINLAND,0,0,0,0,0,0,0,0,0,0,0,0,0,0,0,0,0,0,0,0,0,0,0,0,0,0,0,0,0,0,0,0,0,0,0,0,1,1,3,4,4,6,10,10,23,23,35,90,262,442,615,801,827,864,914,977,1057,1151,1255,1326,1395,1450,1591,1724,1877,2046,2201,2395,2577,2860,3107,3386,3757,4077,4369,4681,5071,5402,5635,5819,5996,6174,6318,6511,6681,6879,7073,7242,7384,7515,7695,7912,8073,8210,8445,8575,8698,8851,9008,9158,9311,9407,9523,9670,9821,9938,10083,10218,10319,10429,10513,10591,10667,10713,10791,10858,10927,10968,11044,11117,11182,11230,11289,11360,11387,11428,11480,11512,11593,11633,11669,11699,11734,11771,11811,11875,11924,11948,11962,12001,12016,12035,12099,12139,12193,12217,12250,12294,12344,12391,12391,12391,12527,12561,12615,12636,12675,12675,12675,12751,12768,12794,12815,12832,12832,12832,12878,12888,12900,12916,12946,12946,12946,13037,13061,13092,13124,13173,13173,13173,13262,13302,13350,13390,13438,13438,13438,13547,13577,13634,13725,13789,13789,13789,13996,14073,14185,14306,14442,14442,14442,14815,14959,15070,15214,15379,15483,15617,15740,15855,15940,16056,16127,16239,16317,16397,16480,16537,16627,16700,16779,16891,16985,17084,17195,17374,17547,17736,17883,18113,18356,18607,18924,19216,19557,19890,20237,20571,20571,21393,21847,22436,22905,23323,23799,24357,24916,25594,26213,26637,27072,27464,27998,28396,28932,29302,29680,30057,30379,30710,31156,31638,32082,32422,32811,33101,33593,34023,34441,34941,35392,35844,36373,37003,37763,38622,39411,40356,41412,42157,43174,44034,45225,46351,47299,48241,49594,50530,51753,53180,54230,55121,55892,56958,57952,58963,60000,61078,62136,63331,64551,65808,67105,68362,69635,70485,71654,73021,74204,75395,76718,78354,79352,80481,81949,83535,85140,86743,88858,90603,92649,94799,97357,100489,103564,107116,109758,113095,116087,119779,123813,128321,131606,134434,137632,140175,143472,146341,149333,151167,153347,155826,158447,161230,163479,165930,167541,168711,170787,172779,174995,176837,178497,180240,181486,182725,183801,185159,185159,187320,188199,189088,189895,190619,191505,192265,193038,193917,194671,195296,195948,196540,197208,197664,198095,198472,198960,199357,199782,200335,200773,201186,201621,202051,202417,202887,203365,203793,204067,204362,204799,205183,205597,206065,206617,207081,207577,208027,208556,209079,209682,210212,210732,211195,211692,212224,212798,213318,213932,214326,214839,215264,215791,217798,218660,219305,219918,220459,221071,221842,222629,223415,224258,224848,225505,226777,227031,225030,225844,226633,227049,228013,228692,229902,230603,231265,231973,232718,233318,233797,234317,234931,235648,236346,237101,237792,238306
Denmark,0,0,0,0,0,0,0,0,0,0,0,0,0,0,0,0,0,0,0,0,0,0,0,0,0,0,0,0,0,0,0,0,0,0,0,0,1,1,3,4,4,6,11,11,24,24,37,92,264,444,617,804,836,875,933,1025,1116,1225,1337,1420,1514,1572,1718,1862,2023,2200,2366,2564,2755,3039,3290,3573,3946,4269,4561,4875,5266,5597,5830,6014,6191,6369,6513,6706,6876,7074,7268,7437,7580,7711,7891,8108,8271,8408,8643,8773,8896,9049,9206,9356,9509,9605,9721,9868,10019,10136,10281,10416,10517,10627,10711,10789,10865,10911,10989,11056,11125,11166,11242,11315,11380,11428,11487,11559,11586,11627,11680,11712,11793,11833,11869,11899,11934,11971,12011,12075,12124,12148,12162,12201,12216,12235,12299,12339,12393,12417,12450,12494,12544,12591,12591,12591,12727,12761,12815,12836,12875,12875,12875,12951,12968,12994,13015,13032,13032,13033,13079,13089,13101,13117,13147,13147,13147,13238,13262,13293,13325,13374,13374,13377,13466,13506,13554,13594,13642,13643,13665,13775,13811,13868,13964,14028,14028,14028,14235,14314,14440,14586,14747,14751,14759,15135,15291,15423,15590,15758,15867,16003,16127,16246,16336,16453,16525,16637,16715,16821,16905,16962,17052,17125,17204,17316,17410,17509,17620,17800,17974,18163,18310,18540,18784,19036,19353,19646,19989,20327,20674,21013,21013,21836,22291,22881,23353,23774,24261,24822,25385,26066,26687,27111,27546,27941,28479,28882,29418,29789,30168,30546,30868,31201,31648,32131,32575,32915,33304,33594,34087,34519,34939,35440,35893,36345,36877,37507,38270,39129,39918,40863,41919,42668,43685,44545,45736,46863,47811,48753,50106,51042,52265,53692,54742,55635,56406,57472,58466,59478,60515,61593,62652,63847,65067,66324,67621,68878,70152,71003,72172,73539,74722,75913,77236,78874,79872,81002,82470,84056,85663,87266,89382,91131,93177,95332,97895,101027,104103,107660,110305,113642,116636,120330,124366,128874,132164,134999,138204,140750,144053,146927,149926,151764,153952,156434,159074,161862,164116,166567,168182,169358,171436,173433,175663,177507,179170,180915,182161,183400,184476,185835,185836,187998,188878,189767,190574,191299,192187,192947,193720,194599,195353,195978,196632,197224,197892,198348,198779,199156,199644,200041,200466,201020,201458,201871,202307,202737,203104,203574,204052,204480,204754,205049,205486,205871,206285,206753,207305,207769,208265,208715,209244,209767,210370,210900,211420,211883,212380,212912,213486,214007,214621,215015,215528,215955,216482,218489,219351,219996,220609,221151,221763,222534,223321,224107,224950,225540,226197,227469,227723,225722,226536,227325,227741,228705,229384,230594,231295,231957,232665,233410,234010,234489,235009,235623,236340,237038,237793,238484,238998
Diamond Princess,0,0,0,0,0,0,0,0,0,0,0,0,0,0,0,0,61,61,64,135,135,175,175,218,285,355,454,542,621,634,634,634,691,691,691,705,705,705,705,705,705,706,706,706,706,706,706,706,706,706,706,706,706,706,706,706,712,712,712,712,712,712,712,712,712,712,712,712,712,712,712,712,712,712,712,712,712,712,712,712,712,712,712,712,712,712,712,712,712,712,712,712,712,712,712,712,712,712,712,712,712,712,712,712,712,712,712,712,712,712,712,712,712,712,712,712,712,712,712,712,712,712,712,712,712,712,712,712,712,712,712,712,712,712,712,712,712,712,712,712,712,712,712,712,712,712,712,712,712,712,712,712,712,712,712,712,712,712,712,712,712,712,712,712,712,712,712,712,712,712,712,712,712,712,712,712,712,712,712,712,712,712,712,712,712,712,712,712,712,712,712,712,712,712,712,712,712,712,712,712,712,712,712,712,712,712,712,712,712,712,712,712,712,712,712,712,712,712,712,712,712,712,712,712,712,712,712,712,712,712,712,712,712,712,712,712,712,712,712,712,712,712,712,712,712,712,712,712,712,712,712,712,712,712,712,712,712,712,712,712,712,712,712,712,712,712,712,712,712,712,712,712,712,712,712,712,712,712,712,712,712,712,712,712,712,712,712,712,712,712,712,712,712,712,712,712,712,712,712,712,712,712,712,712,712,712,712,712,712,712,712,712,712,712,712,712,712,712,712,712,712,712,712,712,712,712,712,712,712,712,712,712,712,712,712,712,712,712,712,712,712,712,712,712,712,712,712,712,712,712,712,712,712,712,712,712,712,712,712,712,712,712,712,712,712,712,712,712,712,712,712,712,712,712,712,712,712,712,712,712,712,712,712,712,712,712,712,712,712,712,712,712,712,712,712,712,712,712,712,712,712,712,712,712,712,712,712,712,712,712,712,712,712,712,712,712,712,712,712,712,712,712,712,712,712,712,712,712,712,712,712,712,712,712,712,712,712,712,712,712,712,712,712,712,712,712,712
France MAINLAND,0,0,2,3,3,3,4,5,5,5,6,6,6,6,6,6,6,11,11,11,11,11,11,11,12,12,12,12,12,12,12,12,12,12,14,18,38,57,100,130,191,212,285,423,613,938,1115,1401,1773,2281,2281,3661,4469,4499,6633,7652,9043,10871,12612,14282,16533,19856,22054,24967,28856,32609,37162,39761,44029,51579,56362,58404,63588,46483,47299,49934,46400,50242,54003,55538,56972,107712,110836,128272,131476,144035,145896,149683,150752,153197,155821,157603,155881,158653,160295,160907,164592,167650,166193,167326,167846,168637,168887,169405,170467,174596,175218,175743,176132,176338,176651,177330,177790,178353,178837,179140,179250,179650,180143,180499,180752,181444,181969,181410,181684,181880,182018,185300,185842,187608,187817,187986,187265,184015,188286,188808,189330,189621,189782,190266,190743,191040,191679,192043,192317,192369,192915,193256,193576,194121,194535,194599,194693,195256,195256,195256,196267,196521,196111,196390,196554,197238,197591,197994,197994,197994,198850,199170,199699,200027,200569,200569,200569,201755,201755,202383,202819,203516,203516,203516,205308,205773,206641,207650,208553,208553,208553,210821,211337,212676,213927,215135,215135,215135,218351,219253,220874,222398,224602,224602,224602,229203,230540,232966,235540,238240,241371,244335,244761,246821,250539,255214,259717,263129,267589,269452,272643,272643,283698,290929,296265,301554,304349,309247,316047,322935,331578,340013,346921,351017,357473,365025,374586,383854,394270,400533,406609,414196,423924,433871,446961,460328,470864,476162,485929,497914,513732,529501,543688,554304,558374,566196,578769,591783,603920,620330,632834,637918,648116,666849,684164,704478,731155,747092,755597,768380,790959,820685,845740,877840,907677,920916,941085,967717,1008483,1050468,1095708,1102262,1174279,1207430,1243855,1290446,1339640,1374691,1420870,1525184,1597139,1549838,1607147,1667604,1754202,1792764,1812919,1834515,1870380,1902644,1926314,1958235,1985427,1994728,2039938,2068297,2088784,2111646,2129287,2142417,2146869,2155722,2171967,2184846,2197283,2209739,2219502,2223393,2231344,2245324,2257894,2269080,2281889,2292838,2296249,2309760,2324300,2337594,2350923,2364740,2376228,2379291,2390419,2407983,2426063,2441737,2458839,2471458,2477255,2488889,2503693,2525234,2545358,2548388,2556621,2559575,2570767,2597124,2616902,2636045,2639404,2651893,2655915,2676195,2701215,2722728,2742349,2762120,2777921,2781503,2800770,2824473,2845701,2866413,2887532,2903975,2907711,2931050,2957547,2979915,3002910,3026320,3044358,3048598,3070458,3097374,3120634,3143417,3167274,3186354,3190701,3213360,3239256,3238798,3284085,3303273,3322988,3327305,3345558,3370645,3390952,3410996,3431805,3447518,3451894,3471268,3495775,3517177,3541282,3562707,3584326,3588972,3608271,3639501,3664050,3689034,3712474,3732426,3736390,3759247,3785326,3810605,3833572,3856182,3878007,3883334,3906363,3935990,3963156,3988194,4017844,4043769,4050010,4080012,4117650,4152604,4187630,4222935,4252919,4268711,4283389,4347614,4393255,4434884,4477503,4513685,4522779,4553481,4611392,4661841,4708648,4707488,4788117,4799078,4807123,4807123,4903965,4903965,4903965,5021865,5030401
France,0,0,2,3,3,3,4,5,5,5,6,6,6,6,6,6,6,11,11,11,11,11,11,11,12,12,12,12,12,12,12,12,12,12,14,18,38,57,100,130,191,212,288,426,616,948,1125,1411,1783,2293,2293,3681,4496,4532,6683,7715,9124,10970,12758,14463,16758,20123,22372,25334,29252,33047,37692,40295,44649,52278,57122,59228,64452,47378,48233,50887,47396,51251,55035,56600,58045,108791,111932,129380,132588,145166,147057,150863,151955,154402,157068,158868,157158,159969,161647,162280,165966,169098,167643,168861,169387,170179,170540,171102,172219,176355,177096,177627,178156,178405,178719,179472,179993,180635,181148,181563,181703,182147,182648,183130,183397,184153,184699,184260,184585,184840,185012,188355,188949,190744,190975,191382,190735,187509,191869,192450,193022,193363,193637,194190,194815,195179,195981,196478,196868,197004,197667,198155,198741,199528,200147,200490,200632,201330,201598,201853,203116,203564,203158,203803,204244,205234,205773,206312,206670,206681,207699,208153,208975,209419,210134,210385,210401,211824,211886,212613,213182,214011,214174,214178,216089,216684,217605,218841,219932,220020,220020,222508,223072,224542,225931,227239,227302,227305,230665,231636,233344,234945,237332,237402,237437,242168,243582,246180,248858,251781,254991,257994,258644,260763,264535,269335,274344,277818,282498,284474,288090,288377,299580,307221,312681,318047,321160,326264,333377,340499,349333,357927,364943,369209,375947,384566,394328,403837,415174,421519,427915,435741,445932,456171,469404,482964,493500,499039,509123,522414,538264,554368,568588,579223,583522,591527,605893,618944,631380,647868,660372,666011,677321,696274,713676,734764,761441,777378,786590,800216,823218,852975,878607,910711,940548,954837,975213,1002635,1043448,1086285,1131550,1138166,1211176,1245658,1283208,1329820,1379294,1414364,1460543,1566634,1639235,1593159,1650965,1711917,1798572,1837134,1858558,1881171,1917577,1950205,1974270,2006227,2033419,2043469,2089071,2117968,2138704,2161968,2179638,2192768,2197830,2207751,2224505,2237506,2250280,2262757,2272520,2276874,2285238,2299466,2312253,2323764,2336646,2347595,2351006,2365043,2379718,2393590,2407079,2421026,2432559,2435751,2447406,2465126,2483524,2499529,2516957,2529756,2535716,2547577,2562615,2584333,2604595,2607688,2616510,2619616,2631110,2657624,2677666,2697014,2700480,2712975,2717059,2737884,2763116,2784883,2804743,2824920,2840864,2844680,2864360,2888292,2909723,2931040,2952449,2969091,2972889,2996784,3023661,3046371,3069695,3093619,3112055,3116355,3138498,3165449,3189405,3212640,3236685,3255920,3260308,3283645,3310051,3310071,3355678,3376266,3395981,3400324,3419210,3444888,3465964,3486673,3507904,3524450,3528856,3548452,3573638,3596156,3620283,3642654,3664700,3669354,3689534,3721061,3746475,3771691,3795687,3815639,3820369,3843241,3870144,3895430,3918937,3942243,3964078,3969612,3992755,4022429,4050558,4075735,4105527,4131874,4138345,4168411,4206912,4241973,4277171,4312510,4343097,4358910,4373607,4438999,4484659,4526530,4569164,4606185,4615295,4646014,4705068,4755779,4802457,4802545,4883174,4893971,4902025,4902985,5000155,5000314,5001685,5119585,5128140
Iceland,0,0,0,0,0,0,0,0,0,0,0,0,0,0,0,0,0,0,0,0,0,0,0,0,0,0,0,0,0,0,0,0,0,0,0,0,0,1,1,3,6,11,26,34,43,50,50,58,69,85,103,134,156,171,180,220,250,330,409,473,568,588,648,737,802,890,963,1020,1086,1135,1220,1319,1364,1417,1486,1562,1586,1616,1648,1675,1689,1701,1711,1720,1727,1739,1754,1760,1771,1773,1778,1785,1789,1789,1790,1792,1792,1795,1797,1797,1798,1798,1799,1799,1799,1799,1801,1801,1801,1801,1801,1801,1802,1802,1802,1802,1802,1802,1802,1803,1803,1803,1804,1804,1804,1804,1805,1805,1805,1806,1806,1806,1806,1806,1806,1806,1806,1807,1807,1807,1807,1807,1807,1808,1810,1811,1812,1812,1814,1815,1815,1815,1815,1815,1817,1818,1820,1820,1821,1822,1824,1825,1830,1830,1830,1830,1832,1833,1833,1833,1833,1833,1833,1833,1835,1835,1836,1836,1838,1839,1839,1839,1840,1841,1843,1843,1847,1854,1857,1861,1872,1885,1893,1907,1915,1918,1926,1932,1952,1955,1958,1962,1968,1972,1976,1983,1999,2011,2014,2027,2035,2040,2050,2058,2064,2073,2077,2082,2087,2092,2100,2105,2107,2116,2121,2128,2135,2136,2141,2143,2150,2153,2157,2161,2162,2165,2168,2174,2189,2206,2230,2307,2307,2377,2419,2476,2512,2561,2601,2623,2663,2695,2728,2769,2809,2872,2921,2980,3081,3172,3267,3373,3460,3526,3582,3668,3757,3837,3929,3998,4055,4101,4193,4230,4268,4308,4394,4448,4504,4574,4671,4719,4797,4865,4890,4931,4957,4989,5017,5039,5063,5078,5101,5114,5142,5160,5170,5186,5189,5205,5215,5226,5231,5251,5269,5277,5289,5298,5312,5323,5346,5371,5381,5392,5413,5413,5448,5462,5476,5482,5496,5506,5516,5524,5539,5552,5557,5564,5571,5578,5588,5604,5621,5642,5656,5667,5683,5683,5683,5683,5683,5726,5736,5754,5754,5754,5754,5754,5795,5811,5832,5845,5867,5880,5890,5898,5912,5935,5948,5956,5956,5956,5970,5970,5975,5981,5981,5981,5981,5990,5992,6000,6001,6002,6002,6002,6009,6011,6013,6016,6021,6021,6021,6020,6025,6026,6026,6033,6033,6033,6039,6039,6044,6044,6045,6045,6045,6049,6049,6049,6049,6049,6049,6049,6054,6055,6058,6058,6059,6059,6059,6064,6067,6069,6070,6072,6072,6072,6083,6087,6089,6091,6097,6097,6097,6119,6122,6144,6158,6163,6163,6163,6183,6194,6205,6205,6205,6225,6225,6225,6241,6251,6256,6258,6258,6258,6267
India,0,0,0,0,0,0,0,0,1,1,1,2,3,3,3,3,3,3,3,3,3,3,3,3,3,3,3,3,3,3,3,3,3,3,3,3,3,3,3,3,5,5,28,30,31,34,39,43,56,62,73,82,102,113,119,142,156,194,244,330,396,499,536,657,727,887,987,1024,1251,1397,1998,2543,2567,3082,3588,4778,5311,5916,6725,7598,8446,9205,10453,11487,12322,13430,14352,15722,17615,18539,20080,21370,23077,24530,26283,27890,29451,31324,33062,34863,37257,39699,42505,46437,49400,52987,56351,59695,62808,67161,70768,74292,78055,81997,85784,90648,95698,100328,106475,112028,118226,124794,131423,138536,144950,150793,158086,165386,173491,181827,190609,198370,207191,216824,226713,236184,246622,257486,265928,276146,286605,297535,308993,320922,332424,343091,354065,366946,380532,395048,410451,425282,440215,456183,473105,490401,508953,528859,548318,566840,585481,604641,625544,648315,673165,697413,719664,742417,767296,793802,820916,849522,878254,906752,936181,968857,1003832,1039084,1077781,1118206,1155338,1193078,1238798,1288108,1337024,1385635,1435616,1480073,1531669,1581963,1634746,1695988,1750723,1803695,1855745,1908254,1964536,2027074,2088611,2153010,2215074,2268675,2329638,2396637,2461190,2525922,2589952,2647663,2702681,2767253,2836925,2905825,2975701,3044940,3106348,3167323,3224547,3310234,3387500,3463972,3542733,3621245,3691166,3769523,3853406,3936747,4023179,4113811,4204613,4280422,4370128,4465863,4562414,4659984,4754356,4846427,4930236,5020359,5118253,5214677,5308014,5400619,5487580,5562663,5646010,5732518,5818570,5903932,5992532,6074702,6145291,6225763,6312584,6394068,6473544,6549373,6623815,6685082,6757131,6835655,6906151,6979423,7053806,7120538,7175880,7239389,7307097,7370468,7432680,7494551,7550273,7597063,7651107,7706946,7761312,7814682,7864811,7909959,7946429,7990322,8040203,8088851,8137119,8184082,8229313,8267623,8313876,8364086,8411724,8462080,8507754,8553657,8591730,8636011,8683916,8728795,8773479,8814579,8845127,8874290,8912907,8958483,9004365,9050597,9095806,9139865,9177840,9222216,9266705,9309787,9351109,9392919,9431691,9462809,9499413,9534964,9571559,9608211,9644222,9677203,9703770,9735850,9767371,9796744,9826775,9857029,9884100,9906165,9932547,9956557,9979447,10004599,10031223,10055560,10075116,10099066,10123778,10146845,10169118,10187850,10207871,10224303,10244852,10266674,10266674,10286709,10323965,10340469,10356844,10374932,10395278,10413417,10413417,10450284,10466595,10479179,10495147,10512093,10527683,10542841,10557985,10571773,10581823,10595639,10610883,10625428,10639684,10654533,10667736,10676838,10689527,10701193,10720048,10733130,10746174,10757610,10766245,10777284,10790183,10802591,10814304,10826363,10838194,10847304,10858371,10871294,10880603,10892746,10904940,10916589,10925710,10937320,10950201,10963394,10977387,10991651,11005850,11016434,11030176,11046914,11063491,11079979,11096731,11112241,11124527,11139516,11156923,11173761,11192045,11210799,11229398,11244786,11262707,11285561,11308846,11333728,11359048,11385339,11409831,11438734,11474605,11514331,11555284,11599130,11646081,11686796,11734058,11787534,11846652,11908910,11971624,12039644,12095855,12149335,12221665,12303131,12392260,12485509,12589067,12686049,12801785,12928574,13060542,13205926,13358805,13527717,13689453
Netherlands Aruba,0,0,0,0,0,0,0,0,0,0,0,0,0,0,0,0,0,0,0,0,0,0,0,0,0,0,0,0,0,0,0,0,0,0,0,0,0,0,0,0,0,0,0,0,0,0,0,0,0,0,0,2,2,2,2,3,4,4,5,5,9,9,12,17,28,33,46,50,50,55,55,60,62,64,64,71,74,77,82,86,92,92,92,92,93,95,96,96,97,97,97,100,100,100,100,100,100,100,100,100,100,100,100,100,101,101,101,101,101,101,101,101,101,101,101,101,101,101,101,101,101,101,101,101,101,101,101,101,101,101,101,101,101,101,101,101,101,101,101,101,101,101,101,101,101,101,101,101,101,101,101,101,101,101,101,101,101,101,101,103,103,103,104,104,105,105,105,105,105,105,105,105,105,105,106,106,108,111,111,113,115,117,117,117,118,119,119,119,119,119,120,121,121,122,124,132,171,263,396,509,563,630,717,798,894,973,1048,1102,1121,1205,1296,1387,1464,1534,1568,1628,1670,1760,1848,1906,1975,1997,2006,2104,2211,2292,2358,2428,2449,2482,2589,2730,2819,2898,2994,3046,3060,3152,3328,3382,3460,3460,3551,3587,3665,3721,3756,3799,3832,3844,3872,3934,3963,3998,4038,4074,4079,4094,4108,4133,4150,4167,4188,4194,4197,4229,4255,4285,4289,4304,4322,4334,4355,4369,4389,4401,4410,4420,4422,4437,4455,4472,4494,4513,4519,4524,4538,4553,4564,4578,4589,4600,4606,4622,4631,4639,4650,4658,4662,4668,4676,4685,4693,4698,4724,4731,4737,4751,4778,4791,4808,4833,4838,4845,4872,4902,4923,4942,4957,4965,4966,4984,4996,5011,5031,5044,5049,5056,5079,5106,5124,5138,5155,5163,5176,5199,5228,5257,5268,5287,5305,5323,5373,5442,5489,5509,5532,5564,5606,5716,5811,5883,5977,6013,6042,6068,6154,6228,6296,6350,6405,6435,6451,6523,6562,6623,6656,6708,6723,6742,6768,6809,6858,6896,6944,6966,6986,7028,7083,7134,7168,7202,7223,7238,7286,7319,7338,7368,7400,7413,7438,7461,7513,7553,7599,7647,7674,7692,7735,7775,7804,7849,7876,7891,7908,7938,7973,8009,8054,8089,8110,8110,8177,8227,8272,8320,8376,8395,8421,8482,8551,8624,8664,8731,8771,8800,8902,8985,9073,9142,9214,9259,9294,9374,9443,9503,9560,9607,9638,9681,9760,9834,9896,9958,10016,10050,10076
Netherlands Bonaire Sint Eustatius and Saba,0,0,0,0,0,0,0,0,0,0,0,0,0,0,0,0,0,0,0,0,0,0,0,0,0,0,0,0,0,0,0,0,0,0,0,0,0,0,0,0,0,0,0,0,0,0,0,0,0,0,0,0,0,0,0,0,0,0,0,0,0,0,0,0,0,0,0,0,0,0,0,2,2,2,2,2,2,2,2,2,2,3,3,3,3,3,3,3,5,5,5,5,5,5,5,5,5,5,5,5,6,6,6,6,6,6,6,6,6,6,6,6,6,6,6,6,6,6,6,6,6,6,6,6,6,6,6,6,6,6,6,7,7,7,7,7,7,7,7,7,7,7,7,7,7,7,7,7,7,7,7,7,7,7,7,7,7,7,7,7,7,7,7,7,7,7,7,7,7,7,7,7,7,7,7,9,9,10,10,10,10,10,10,10,11,11,11,11,11,11,11,11,11,13,13,13,13,13,13,13,13,13,13,13,13,13,13,13,13,13,13,13,13,13,13,13,13,13,13,14,15,15,15,16,16,18,18,18,18,18,21,21,25,25,25,25,25,25,28,32,36,36,36,36,54,69,69,85,85,85,88,106,121,121,121,124,124,124,141,141,141,148,148,148,148,148,150,150,150,150,150,150,150,150,150,150,150,150,150,150,150,153,153,153,153,153,153,153,153,154,154,154,154,154,154,155,155,155,155,155,157,157,157,158,158,158,161,161,161,161,161,161,162,162,162,162,164,164,164,164,164,169,172,172,172,175,175,175,177,177,177,177,179,179,179,179,182,182,182,182,182,182,182,186,196,196,196,196,196,196,196,196,196,196,196,196,196,196,196,196,196,196,196,196,196,196,196,196,196,196,196,196,196,196,196,196,196,196,196,196,196,196,196,196,196,196,196,196,196,196,196,196,196,196,196,196,196,196,196,196,196,196,196,196,196,196,196,196,196,196,196,196,196,196,196,196,196,196,196,196,196,196,196,196,196,196,196,196,196,196,196,196,196,196,196,196,196,196,196,196,196,196,196,196,196,196,196
Netherlands Curacao,0,0,0,0,0,0,0,0,0,0,0,0,0,0,0,0,0,0,0,0,0,0,0,0,0,0,0,0,0,0,0,0,0,0,0,0,0,0,0,0,0,0,0,0,0,0,0,0,0,0,0,0,1,1,1,3,3,3,3,3,3,4,6,6,6,8,8,8,11,11,11,11,11,11,11,13,13,14,14,14,14,14,14,14,14,14,14,14,14,14,14,14,14,16,16,16,16,16,16,16,16,16,16,16,16,16,16,16,16,16,16,16,16,16,16,16,16,16,16,16,16,16,17,17,18,18,18,18,18,19,19,19,20,21,21,21,21,21,21,21,22,22,22,22,22,22,23,23,23,23,23,23,23,23,23,23,23,23,23,23,23,23,23,23,23,23,23,23,23,25,25,25,25,25,25,26,26,28,28,28,28,28,28,28,29,29,29,29,29,29,29,29,29,29,29,29,29,31,31,31,31,32,32,32,32,32,33,34,36,36,36,36,37,39,39,47,49,53,55,62,62,67,68,71,75,78,78,88,92,102,107,116,131,135,145,157,161,169,192,210,228,247,268,282,291,301,315,329,337,360,364,370,392,399,411,429,452,462,476,505,532,549,571,583,585,619,645,673,698,715,744,751,759,785,804,818,837,858,873,884,907,944,958,970,987,995,1000,1021,1030,1053,1077,1097,1102,1131,1182,1215,1261,1307,1340,1374,1415,1482,1561,1620,1682,1749,1773,1827,1929,2046,2157,2258,2364,2379,2503,2658,2740,2890,3011,3136,3174,3246,3325,3404,3501,3576,3624,3661,3699,3767,3823,3881,3920,3947,3974,4006,4051,4099,4138,4140,4144,4151,4179,4230,4260,4289,4294,4317,4323,4342,4378,4405,4422,4445,4458,4464,4469,4488,4498,4505,4514,4514,4523,4527,4535,4537,4543,4543,4548,4548,4558,4567,4574,4579,4582,4585,4585,4591,4595,4597,4600,4605,4613,4613,4620,4628,4633,4643,4643,4650,4652,4655,4658,4666,4675,4681,4681,4694,4696,4705,4708,4717,4727,4730,4731,4736,4740,4751,4769,4790,4807,4813,4830,4862,4915,4960,5051,5110,5138,5238,5380,5520,5676,5839,5997,6041,6174,6424,6648,7057,7335,7558,7740,7898,8404,8834,9171,9635,9890,10066,10185,10185,10632,10909,11180,11355,11385
Netherlands Sint Maarten,0,0,0,0,0,0,0,0,0,0,0,0,0,0,0,0,0,0,0,0,0,0,0,0,0,0,0,0,0,0,0,0,0,0,0,0,0,0,0,0,0,0,0,0,0,0,0,0,0,0,0,0,0,0,0,0,0,0,1,1,1,2,2,3,3,3,3,6,6,6,16,18,23,23,25,37,40,40,43,50,50,50,50,52,53,57,57,64,67,67,67,71,73,73,73,74,74,75,75,75,76,76,76,76,76,76,76,76,76,76,76,76,76,76,76,77,77,77,77,77,77,77,77,77,77,77,77,77,77,77,77,77,77,77,77,77,77,77,77,77,77,77,77,77,77,77,77,77,77,77,77,77,77,77,77,77,77,77,77,77,77,77,77,77,78,78,78,78,78,78,78,78,78,78,78,78,78,79,79,79,79,79,79,81,84,93,114,114,114,115,126,128,128,146,150,150,156,176,176,177,189,189,205,248,263,269,300,317,326,333,348,353,353,368,396,408,408,442,444,444,444,460,476,482,495,504,511,511,511,516,527,530,530,531,533,549,549,549,557,565,574,584,584,591,594,616,618,627,633,644,645,659,667,668,674,678,679,686,689,698,699,703,707,710,710,719,729,737,746,749,753,756,756,769,769,776,780,784,789,792,805,805,822,826,831,844,859,870,877,877,886,890,896,908,910,914,923,923,933,939,954,964,973,983,996,1007,1012,1020,1036,1041,1053,1062,1062,1066,1069,1072,1105,1120,1139,1139,1155,1161,1185,1201,1225,1232,1232,1249,1269,1276,1294,1315,1323,1328,1338,1362,1370,1385,1393,1393,1393,1411,1423,1434,1456,1458,1462,1462,1465,1504,1512,1531,1554,1554,1555,1575,1589,1607,1629,1641,1641,1656,1669,1677,1703,1708,1724,1724,1753,1758,1767,1807,1822,1847,1853,1853,1870,1885,1899,1911,1921,1928,1928,1938,1952,1972,1985,1991,1994,1998,2001,2013,2021,2027,2033,2033,2033,2042,2047,2050,2051,2053,2055,2057,2060,2061,2065,2066,2067,2070,2070,2074,2076,2077,2078,2082,2082,2082,2085,2088,2093,2093,2099,2101,2101,2104,2108,2114,2118,2118,2130,2130,2134,2134,2147,2151,2151,2151,2151,2151,2164,2174,2174,2182,2185,2185,2185
Netherlands MAINLAND,0,0,0,0,0,0,0,0,0,0,0,0,0,0,0,0,0,0,0,0,0,0,0,0,0,0,0,0,0,0,0,0,0,0,0,0,1,1,6,10,18,24,38,82,128,188,265,321,382,503,503,804,959,1135,1413,1705,2051,2460,2994,3631,4204,4749,5560,6412,7431,8603,9762,10866,11750,12595,13614,14697,15723,16627,17851,18803,19580,20549,21762,23097,24413,25587,26551,27419,28153,29214,30449,31589,32655,33405,34134,34842,35729,36535,37190,37845,38245,38416,38802,39316,39791,40236,40571,40770,41087,41319,41774,42093,42382,42627,42788,42984,43211,43481,43681,43870,43995,44141,44249,44447,44700,44888,45064,45236,45445,45578,45768,45950,46126,46257,46442,46545,46647,46733,46942,47152,47335,47574,47739,47903,48087,48251,48461,48640,48783,48948,49087,49204,49319,49426,49502,49593,49658,49722,49804,49914,50005,50074,50147,50223,50273,50335,50412,50487,50548,50621,50657,50694,50746,50798,50840,50921,51022,51093,51146,51252,51351,51454,51581,51725,51910,52073,52241,52404,52595,52732,53005,53151,53374,53621,53963,54301,54732,55098,55470,55955,56381,56982,57501,57987,58564,59194,59424,60627,61204,61840,62495,63002,63484,63973,64525,65054,65589,66097,66554,67128,67543,68114,68624,69131,69632,70140,70667,71129,71863,72464,73208,73862,74787,75584,76548,77688,78511,79781,81012,82099,83399,84778,86320,88073,90047,91934,93778,95995,98240,100597,103141,105918,108631,111626,114540,117551,120845,124097,127922,131889,135892,140471,144999,149988,155810,161781,168280,174653,181498,188876,196163,203954,211938,220052,228234,236226,244391,253134,262405,272401,281052,291254,301597,311889,319991,330255,341374,351178,359861,368147,375890,383523,390488,397730,404401,410065,414745,419412,424819,430453,436544,442458,447871,452701,457003,461612,467257,473190,479260,484648,489818,493744,498653,503123,508866,513325,518910,523478,527523,532444,538050,543924,550445,557224,564291,570437,576965,585685,594523,603603,613487,621944,628577,639746,652525,664456,676673,689705,700873,710683,721071,732570,744057,753905,762985,770400,777902,787300,796981,805164,813765,821163,827726,834064,841163,850790,858914,866235,872847,878263,883135,889221,895687,901696,906956,912554,917308,921580,927110,932884,938628,944042,948933,952950,956867,961593,966252,970602,974775,978475,981663,985224,989237,993430,997751,1001826,1005760,1007981,1009725,1012908,1017302,1021643,1025837,1029284,1032094,1034795,1038156,1042674,1047400,1051965,1056639,1060801,1064598,1068960,1073971,1079084,1084021,1088690,1092452,1096433,1101430,1105544,1110213,1115549,1120075,1123909,1128202,1133474,1138796,1144822,1151218,1157192,1162661,1167563,1173487,1179612,1186987,1194580,1201545,1207806,1213366,1220945,1228647,1236209,1245007,1252437,1259155,1264983,1272616,1280443,1287696,1295324,1302146,1307466,1313007,1319353,1327136,1334771,1342447,1350665,1357340
Netherlands,0,0,0,0,0,0,0,0,0,0,0,0,0,0,0,0,0,0,0,0,0,0,0,0,0,0,0,0,0,0,0,0,0,0,0,0,1,1,6,10,18,24,38,82,128,188,265,321,382,503,503,806,962,1138,1416,1711,2058,2467,3003,3640,4217,4764,5580,6438,7468,8647,9819,10930,11817,12667,13696,14788,15821,16727,17953,18926,19709,20682,21903,23249,24571,25746,26710,27580,28316,29383,30619,31766,32838,33588,34317,35032,35921,36729,37384,38040,38440,38612,38998,39512,39989,40434,40769,40968,41286,41518,41973,42292,42581,42826,42987,43183,43410,43680,43880,44070,44195,44341,44449,44647,44900,45088,45265,45437,45647,45780,45970,46152,46328,46460,46645,46749,46852,46939,47148,47358,47541,47780,47945,48109,48294,48458,48668,48847,48990,49155,49295,49412,49527,49634,49710,49801,49866,49930,50012,50122,50213,50282,50355,50433,50483,50545,50623,50698,50761,50834,50870,50907,50959,51013,51055,51136,51237,51308,51362,51471,51572,51682,51809,51955,52142,52307,52475,52640,52837,52984,53278,53424,53647,53895,54249,54590,55021,55408,55786,56279,56750,57465,58117,58717,59360,60058,60391,61718,62406,63127,63889,64468,64980,65560,66218,66843,67456,68051,68570,69224,69683,70382,70984,71557,72128,72679,73232,73802,74660,75356,76173,76907,77857,78702,79792,81085,82016,83370,84709,85876,87194,88673,90425,92262,94345,96261,98217,100491,102844,105304,107899,110758,113518,116559,119509,122620,125988,129283,133166,137194,141226,145837,150413,155465,161332,167348,173894,180288,187138,194591,201942,209799,217821,225970,234203,242217,250411,259207,268517,278546,287229,297466,307831,318152,326308,336629,347801,357640,366351,374663,382440,390120,397112,404392,411107,416806,421503,426227,431696,437376,443533,449501,454961,459837,464205,468900,474641,480649,486820,492293,497501,501503,506557,511162,517045,521639,527336,531930,536129,541238,546982,553040,559716,566628,573750,579997,586643,595473,604452,613630,623567,632085,638801,650072,662943,674967,687250,700322,711540,721429,731902,743493,755038,764907,774009,781467,789059,798592,808382,816616,825249,832702,839316,845822,853060,862805,871063,878443,885098,890566,895543,901740,908306,914388,919712,925355,930147,934503,940106,945948,951747,957213,962153,966194,970156,974972,979702,984120,988350,992075,995300,998924,1003010,1007268,1011636,1015757,1019720,1021966,1023779,1027023,1031454,1035841,1040070,1043541,1046381,1049120,1052544,1057116,1061903,1066522,1071223,1075425,1079272,1083686,1088730,1093899,1098875,1103564,1107347,1111364,1116404,1120566,1125299,1130694,1135258,1139102,1143481,1148836,1154257,1160380,1166923,1172975,1178501,1183567,1189707,1196045,1203622,1211447,1218610,1224947,1230746,1238664,1246682,1254722,1263882,1271580,1278519,1284585,1292806,1301127,1308774,1316913,1324021,1329560,1335312,1341742,1350034,1358016,1366024,1374451,1381182
US,1,1,2,2,5,5,5,6,6,8,8,8,11,11,11,12,12,12,12,12,13,13,14,14,14,14,14,14,14,14,16,16,16,16,16,16,17,17,25,32,55,74,107,184,237,403,519,594,782,1147,1586,2219,2978,3212,4679,6512,9169,13663,20030,26025,34898,46136,56755,68837,86693,105383,125013,143912,165987,192301,224560,256792,289087,321477,351354,382747,413516,444731,480667,515081,544183,571440,598380,627205,652611,682626,715656,743588,769684,799512,825429,854288,887858,920185,950581,977082,1000785,1025362,1051800,1081020,1115946,1143296,1167593,1191678,1216209,1240769,1268180,1295019,1320155,1339022,1358293,1381241,1401649,1428467,1453214,1477373,1495736,1518126,1539133,1561830,1587596,1611253,1632364,1652431,1671104,1690754,1709303,1731625,1756098,1779731,1798718,1816154,1837656,1857511,1879150,1904550,1925710,1943626,1961263,1979647,2000757,2023890,2048756,2073964,2092912,2112731,2136401,2163465,2191991,2223553,2255823,2280971,2313123,2350198,2386074,2426391,2472385,2513731,2554461,2595744,2642174,2693993,2750622,2801983,2847664,2898432,2941517,3002171,3062290,3124786,3192841,3252874,3311312,3370208,3438244,3506364,3582184,3654445,3716980,3777456,3839546,3904066,3974630,4043070,4116393,4181308,4236083,4292934,4359391,4431244,4498701,4567420,4623604,4669149,4714678,4773479,4827936,4887293,4946590,5000709,5046463,5094087,5142088,5198137,5249451,5314791,5361712,5400904,5437580,5482614,5529973,5574013,5622842,5665887,5700119,5736641,5777001,5822167,5867547,5914395,5957126,5991507,6026895,6068759,6109773,6153983,6204376,6247464,6278633,6302200,6329593,6363650,6399723,6447501,6488563,6522914,6557342,6596849,6635867,6681004,6730288,6772447,6810862,6862834,6902696,6941758,6988869,7037151,7081803,7119311,7152546,7195994,7235428,7281081,7336043,7384578,7420293,7459742,7504998,7556060,7614653,7671034,7725952,7771893,7813735,7865983,7925748,7990636,8059782,8116518,8165858,8233610,8295581,8358864,8435164,8517113,8599842,8661982,8729385,8806228,8885632,8976684,9075924,9165619,9270467,9355775,9482891,9587499,9716853,9844858,9972308,10087380,10207953,10348449,10495075,10659914,10840303,11008064,11144288,11307233,11471155,11644332,11835880,12034177,12213451,12360235,12534684,12710198,12893485,13005807,13213995,13369528,13509762,13670332,13858551,14061108,14284721,14517506,14733048,14914060,15108918,15333410,15555949,15787464,16027441,16245026,16432729,16627550,16836556,17083256,17322981,17574950,17766856,17954675,18153724,18351735,18581353,18775557,18873203,19099491,19255126,19429760,19630012,19863696,20099363,20252991,20553301,20762047,20946329,21181440,21436884,21715174,22010389,22271084,22484332,22699326,22926246,23156608,23392315,23635046,23836726,24014508,24157924,24334630,24517866,24711684,24902437,25073050,25204112,25356081,25503621,25657566,25826176,25992744,26135056,26247053,26382255,26497588,26619229,26743204,26877601,26981588,27071236,27161551,27257183,27352360,27458120,27557758,27644880,27709901,27764087,27826806,27896924,27966848,28046145,28117670,28174750,28230970,28303233,28377965,28455466,28532812,28597387,28648744,28706973,28764033,28831226,28899277,28965728,29023931,29064938,29109974,29167616,29225536,29288010,29349533,29402465,29440686,29497352,29551309,29610445,29670983,29732612,29787986,29821754,29873347,29926950,30013910,30081375,30158696,30221396,30264493,30333922,30395171,30462210,30541255,30611086,30674153,30709125,30786804,30847348,30922386,31002264,31084962,31151497,31197877,31268107
